2026-10-06T00:01:25.404Z WARN  libbpf: Error in bpf_create_map_xattr(pages): -EINVAL. Retrying without BTF.
2026-10-06T00:01:26.901Z INFO  ebpf: 'hyptcn-guest' (pid 2267541): 10 memslotov, 2.02 GiB pamate, max GPA 0x100000000
2026-10-06T00:01:26.902Z WARN  ebpf: 4.00 KiB pamate hosta nie je anonymna (/dev/zero (deleted)) - citanie stranky, ktorej sa host este nedotkol, ju hostitelovi NAOZAJ alokuje
2026-10-06T00:01:26.902Z WARN  ebpf: pri takejto VM zbieraj radsej konkretne oblasti (capture.regions), nech nenafuknes jej pamat na plnu velkost
2026-10-06T00:01:26.902Z INFO  VM 'hyptcn-guest' [ebpf/kvm]: RAM 2.02 GiB, max_paddr 0x100000000, vCPU 2, strankovanie n/a
2026-10-06T00:01:26.902Z INFO  zbierane oblasti: 5, spolu 2.02 GiB
2026-10-06T00:01:26.902Z INFO  zacinam zber: perioda 5.000 s, writer 'delta', vystup '/home/eh/Desktop/hyptcn3/data/raw/20261006T000053Z_session'
2026-10-06T00:01:28.254Z INFO  #0 PLNA   295.58 MiB/4.00 GiB  stranky 75520/528417 (14.29 %)  pauza 0.0 ms  citanie 1244.7 ms  spolu 1352.0 ms
2026-10-06T00:01:32.580Z INFO  #1 delta  3.54 MiB/4.00 GiB  stranky 904/528417 (0.17 %)  pauza 0.0 ms  citanie 670.1 ms  spolu 677.6 ms
2026-10-06T00:01:37.581Z INFO  #2 delta  10.17 MiB/4.00 GiB  stranky 2598/528417 (0.49 %)  pauza 0.0 ms  citanie 670.7 ms  spolu 679.4 ms
2026-10-06T00:01:42.578Z INFO  #3 delta  1.62 MiB/4.00 GiB  stranky 415/528417 (0.08 %)  pauza 0.0 ms  citanie 668.8 ms  spolu 676.0 ms
2026-10-06T00:01:47.592Z INFO  #4 delta  1004.00 KiB/4.00 GiB  stranky 250/528417 (0.05 %)  pauza 0.0 ms  citanie 682.4 ms  spolu 690.1 ms
2026-10-06T00:01:52.568Z INFO  #5 delta  1.09 MiB/4.00 GiB  stranky 278/528417 (0.05 %)  pauza 0.0 ms  citanie 656.7 ms  spolu 666.6 ms
2026-10-06T00:01:57.573Z INFO  #6 delta  1.59 MiB/4.00 GiB  stranky 406/528417 (0.08 %)  pauza 0.0 ms  citanie 653.6 ms  spolu 670.9 ms
2026-10-06T00:02:02.665Z INFO  #7 delta  3.70 MiB/4.00 GiB  stranky 945/528417 (0.18 %)  pauza 0.0 ms  citanie 676.6 ms  spolu 762.7 ms
2026-10-06T00:02:07.571Z INFO  #8 delta  1.56 MiB/4.00 GiB  stranky 399/528417 (0.08 %)  pauza 0.0 ms  citanie 655.0 ms  spolu 669.4 ms
2026-10-06T00:02:12.576Z INFO  #9 delta  1.00 MiB/4.00 GiB  stranky 255/528417 (0.05 %)  pauza 0.0 ms  citanie 658.4 ms  spolu 674.0 ms
2026-10-06T00:02:17.575Z INFO  #10 delta  1008.00 KiB/4.00 GiB  stranky 251/528417 (0.05 %)  pauza 0.0 ms  citanie 660.3 ms  spolu 673.5 ms
2026-10-06T00:02:22.584Z INFO  #11 delta  984.00 KiB/4.00 GiB  stranky 245/528417 (0.05 %)  pauza 0.0 ms  citanie 666.5 ms  spolu 681.8 ms
2026-10-06T00:02:27.993Z INFO  #12 delta  820.00 KiB/4.00 GiB  stranky 204/528417 (0.04 %)  pauza 0.0 ms  citanie 666.1 ms  spolu 1090.6 ms
2026-10-06T00:02:32.589Z INFO  #13 delta  936.00 KiB/4.00 GiB  stranky 233/528417 (0.04 %)  pauza 0.0 ms  citanie 659.9 ms  spolu 686.8 ms
2026-10-06T00:02:37.603Z INFO  #14 delta  1.27 MiB/4.00 GiB  stranky 324/528417 (0.06 %)  pauza 0.0 ms  citanie 677.0 ms  spolu 700.8 ms
2026-10-06T00:02:42.584Z INFO  #15 delta  820.00 KiB/4.00 GiB  stranky 204/528417 (0.04 %)  pauza 0.0 ms  citanie 669.4 ms  spolu 682.0 ms
2026-10-06T00:02:47.604Z INFO  #16 delta  992.00 KiB/4.00 GiB  stranky 247/528417 (0.05 %)  pauza 0.0 ms  citanie 677.6 ms  spolu 702.0 ms
2026-10-06T00:02:52.581Z INFO  #17 delta  968.00 KiB/4.00 GiB  stranky 241/528417 (0.05 %)  pauza 0.0 ms  citanie 659.4 ms  spolu 678.7 ms
2026-10-06T00:02:57.555Z INFO  #18 delta  840.00 KiB/4.00 GiB  stranky 209/528417 (0.04 %)  pauza 0.0 ms  citanie 636.7 ms  spolu 653.4 ms
2026-10-06T00:03:02.601Z INFO  #19 delta  3.83 MiB/4.00 GiB  stranky 978/528417 (0.19 %)  pauza 0.0 ms  citanie 660.1 ms  spolu 699.3 ms
2026-10-06T00:03:16.217Z INFO  #20 PLNA   295.55 MiB/4.00 GiB  stranky 75512/528417 (14.29 %)  pauza 0.0 ms  citanie 1251.1 ms  spolu 9315.1 ms
2026-10-06T00:03:16.217Z WARN  planovac: cyklus 20 trval 9.315 s (perioda 5.000 s) - zahadzujem 1 slotov
2026-10-06T00:03:17.606Z INFO  #21 delta  1012.00 KiB/4.00 GiB  stranky 252/528417 (0.05 %)  pauza 0.0 ms  citanie 675.4 ms  spolu 704.4 ms
2026-10-06T00:03:22.563Z INFO  #22 delta  988.00 KiB/4.00 GiB  stranky 246/528417 (0.05 %)  pauza 0.0 ms  citanie 658.4 ms  spolu 660.9 ms
2026-10-06T00:03:27.579Z INFO  #23 delta  772.00 KiB/4.00 GiB  stranky 192/528417 (0.04 %)  pauza 0.0 ms  citanie 669.8 ms  spolu 677.5 ms
2026-10-06T00:03:32.594Z INFO  #24 delta  820.00 KiB/4.00 GiB  stranky 204/528417 (0.04 %)  pauza 0.0 ms  citanie 684.1 ms  spolu 692.1 ms
2026-10-06T00:03:37.584Z INFO  #25 delta  780.00 KiB/4.00 GiB  stranky 194/528417 (0.04 %)  pauza 0.0 ms  citanie 674.7 ms  spolu 682.1 ms
2026-10-06T00:03:42.567Z INFO  #26 delta  788.00 KiB/4.00 GiB  stranky 196/528417 (0.04 %)  pauza 0.0 ms  citanie 661.8 ms  spolu 665.3 ms
2026-10-06T00:03:47.567Z INFO  #27 delta  760.00 KiB/4.00 GiB  stranky 189/528417 (0.04 %)  pauza 0.0 ms  citanie 657.9 ms  spolu 665.3 ms
2026-10-06T00:03:52.579Z INFO  #28 delta  856.00 KiB/4.00 GiB  stranky 213/528417 (0.04 %)  pauza 0.0 ms  citanie 670.4 ms  spolu 677.5 ms
2026-10-06T00:03:57.575Z INFO  #29 delta  1.61 MiB/4.00 GiB  stranky 412/528417 (0.08 %)  pauza 0.0 ms  citanie 666.2 ms  spolu 673.4 ms
2026-10-06T00:04:02.563Z INFO  #30 delta  3.86 MiB/4.00 GiB  stranky 987/528417 (0.19 %)  pauza 0.0 ms  citanie 652.5 ms  spolu 661.0 ms
2026-10-06T00:04:07.573Z INFO  #31 delta  1.01 MiB/4.00 GiB  stranky 257/528417 (0.05 %)  pauza 0.0 ms  citanie 669.0 ms  spolu 671.3 ms
2026-10-06T00:04:12.558Z INFO  #32 delta  912.00 KiB/4.00 GiB  stranky 227/528417 (0.04 %)  pauza 0.0 ms  citanie 648.9 ms  spolu 656.4 ms
2026-10-06T00:04:17.571Z INFO  #33 delta  832.00 KiB/4.00 GiB  stranky 207/528417 (0.04 %)  pauza 0.0 ms  citanie 661.3 ms  spolu 669.4 ms
2026-10-06T00:04:22.569Z INFO  #34 delta  884.00 KiB/4.00 GiB  stranky 220/528417 (0.04 %)  pauza 0.0 ms  citanie 664.6 ms  spolu 666.9 ms
2026-10-06T00:04:27.601Z INFO  #35 delta  840.00 KiB/4.00 GiB  stranky 209/528417 (0.04 %)  pauza 0.0 ms  citanie 692.3 ms  spolu 699.3 ms
2026-10-06T00:04:32.573Z INFO  #36 delta  836.00 KiB/4.00 GiB  stranky 208/528417 (0.04 %)  pauza 0.0 ms  citanie 663.9 ms  spolu 671.1 ms
2026-10-06T00:04:37.558Z INFO  #37 delta  1.25 MiB/4.00 GiB  stranky 320/528417 (0.06 %)  pauza 0.0 ms  citanie 648.5 ms  spolu 655.8 ms
2026-10-06T00:04:42.584Z INFO  #38 delta  896.00 KiB/4.00 GiB  stranky 223/528417 (0.04 %)  pauza 0.0 ms  citanie 669.5 ms  spolu 682.2 ms
2026-10-06T00:04:47.573Z INFO  #39 delta  872.00 KiB/4.00 GiB  stranky 217/528417 (0.04 %)  pauza 0.0 ms  citanie 663.9 ms  spolu 671.4 ms
2026-10-06T00:04:53.244Z INFO  #40 PLNA   295.46 MiB/4.00 GiB  stranky 75491/528417 (14.29 %)  pauza 0.0 ms  citanie 1316.8 ms  spolu 1342.2 ms
2026-10-06T00:04:57.573Z INFO  #41 delta  792.00 KiB/4.00 GiB  stranky 197/528417 (0.04 %)  pauza 0.0 ms  citanie 663.9 ms  spolu 671.3 ms
2026-10-06T00:05:02.577Z INFO  #42 delta  3.85 MiB/4.00 GiB  stranky 983/528417 (0.19 %)  pauza 0.0 ms  citanie 666.4 ms  spolu 674.9 ms
2026-10-06T00:05:07.581Z INFO  #43 delta  1004.00 KiB/4.00 GiB  stranky 250/528417 (0.05 %)  pauza 0.0 ms  citanie 675.9 ms  spolu 679.1 ms
2026-10-06T00:05:12.580Z INFO  #44 delta  888.00 KiB/4.00 GiB  stranky 221/528417 (0.04 %)  pauza 0.0 ms  citanie 670.4 ms  spolu 678.5 ms
2026-10-06T00:05:17.571Z INFO  #45 delta  824.00 KiB/4.00 GiB  stranky 205/528417 (0.04 %)  pauza 0.0 ms  citanie 661.8 ms  spolu 668.8 ms
2026-10-06T00:05:22.584Z INFO  #46 delta  828.00 KiB/4.00 GiB  stranky 206/528417 (0.04 %)  pauza 0.0 ms  citanie 674.1 ms  spolu 682.0 ms
2026-10-06T00:05:27.557Z INFO  #47 delta  844.00 KiB/4.00 GiB  stranky 210/528417 (0.04 %)  pauza 0.0 ms  citanie 647.5 ms  spolu 654.8 ms
2026-10-06T00:05:32.576Z INFO  #48 delta  840.00 KiB/4.00 GiB  stranky 209/528417 (0.04 %)  pauza 0.0 ms  citanie 667.1 ms  spolu 674.2 ms
2026-10-06T00:05:37.563Z INFO  #49 delta  892.00 KiB/4.00 GiB  stranky 222/528417 (0.04 %)  pauza 0.0 ms  citanie 654.5 ms  spolu 661.5 ms
2026-10-06T00:05:42.567Z INFO  #50 delta  780.00 KiB/4.00 GiB  stranky 194/528417 (0.04 %)  pauza 0.0 ms  citanie 658.4 ms  spolu 665.5 ms
2026-10-06T00:05:47.562Z INFO  #51 delta  780.00 KiB/4.00 GiB  stranky 194/528417 (0.04 %)  pauza 0.0 ms  citanie 652.5 ms  spolu 660.1 ms
2026-10-06T00:05:52.569Z INFO  #52 delta  876.00 KiB/4.00 GiB  stranky 218/528417 (0.04 %)  pauza 0.0 ms  citanie 659.3 ms  spolu 666.7 ms
2026-10-06T00:05:57.570Z INFO  #53 delta  1.29 MiB/4.00 GiB  stranky 329/528417 (0.06 %)  pauza 0.0 ms  citanie 665.7 ms  spolu 668.2 ms
2026-10-06T00:06:02.573Z INFO  #54 delta  3.87 MiB/4.00 GiB  stranky 989/528417 (0.19 %)  pauza 0.0 ms  citanie 663.4 ms  spolu 671.0 ms
2026-10-06T00:06:07.613Z INFO  #55 delta  1.05 MiB/4.00 GiB  stranky 267/528417 (0.05 %)  pauza 0.0 ms  citanie 703.3 ms  spolu 711.5 ms
2026-10-06T00:06:12.565Z INFO  #56 delta  2.34 MiB/4.00 GiB  stranky 596/528417 (0.11 %)  pauza 0.0 ms  citanie 655.1 ms  spolu 662.7 ms
2026-10-06T00:06:17.579Z INFO  #57 delta  1.01 MiB/4.00 GiB  stranky 257/528417 (0.05 %)  pauza 0.0 ms  citanie 670.0 ms  spolu 677.1 ms
2026-10-06T00:06:22.557Z INFO  #58 delta  924.00 KiB/4.00 GiB  stranky 230/528417 (0.04 %)  pauza 0.0 ms  citanie 648.3 ms  spolu 655.4 ms
2026-10-06T00:06:27.574Z INFO  #59 delta  900.00 KiB/4.00 GiB  stranky 224/528417 (0.04 %)  pauza 0.0 ms  citanie 664.0 ms  spolu 671.9 ms
2026-10-06T00:06:33.270Z INFO  #60 PLNA   295.49 MiB/4.00 GiB  stranky 75497/528417 (14.29 %)  pauza 0.0 ms  citanie 1262.3 ms  spolu 1367.9 ms
2026-10-06T00:06:37.582Z INFO  #61 delta  1.55 MiB/4.00 GiB  stranky 396/528417 (0.07 %)  pauza 0.0 ms  citanie 677.3 ms  spolu 679.7 ms
2026-10-06T00:06:42.581Z INFO  #62 delta  848.00 KiB/4.00 GiB  stranky 211/528417 (0.04 %)  pauza 0.0 ms  citanie 672.2 ms  spolu 679.3 ms
2026-10-06T00:06:47.569Z INFO  #63 delta  868.00 KiB/4.00 GiB  stranky 216/528417 (0.04 %)  pauza 0.0 ms  citanie 659.3 ms  spolu 666.9 ms
2026-10-06T00:06:52.584Z INFO  #64 delta  860.00 KiB/4.00 GiB  stranky 214/528417 (0.04 %)  pauza 0.0 ms  citanie 675.4 ms  spolu 682.3 ms
2026-10-06T00:06:57.570Z INFO  #65 delta  808.00 KiB/4.00 GiB  stranky 201/528417 (0.04 %)  pauza 0.0 ms  citanie 661.1 ms  spolu 668.3 ms
2026-10-06T00:07:02.600Z INFO  #66 delta  3.92 MiB/4.00 GiB  stranky 1001/528417 (0.19 %)  pauza 0.0 ms  citanie 690.9 ms  spolu 698.3 ms
2026-10-06T00:07:07.572Z INFO  #67 delta  1.09 MiB/4.00 GiB  stranky 279/528417 (0.05 %)  pauza 0.0 ms  citanie 662.4 ms  spolu 669.8 ms
2026-10-06T00:07:12.556Z INFO  #68 delta  924.00 KiB/4.00 GiB  stranky 230/528417 (0.04 %)  pauza 0.0 ms  citanie 645.8 ms  spolu 653.8 ms
2026-10-06T00:07:17.563Z INFO  #69 delta  840.00 KiB/4.00 GiB  stranky 209/528417 (0.04 %)  pauza 0.0 ms  citanie 653.4 ms  spolu 661.3 ms
2026-10-06T00:07:22.574Z INFO  #70 delta  868.00 KiB/4.00 GiB  stranky 216/528417 (0.04 %)  pauza 0.0 ms  citanie 664.2 ms  spolu 671.7 ms
2026-10-06T00:07:27.570Z INFO  #71 delta  804.00 KiB/4.00 GiB  stranky 200/528417 (0.04 %)  pauza 0.0 ms  citanie 660.4 ms  spolu 667.7 ms
2026-10-06T00:07:32.576Z INFO  #72 delta  852.00 KiB/4.00 GiB  stranky 212/528417 (0.04 %)  pauza 0.0 ms  citanie 666.9 ms  spolu 674.2 ms
2026-10-06T00:07:37.570Z INFO  #73 delta  924.00 KiB/4.00 GiB  stranky 230/528417 (0.04 %)  pauza 0.0 ms  citanie 661.1 ms  spolu 668.2 ms
2026-10-06T00:07:42.568Z INFO  #74 delta  820.00 KiB/4.00 GiB  stranky 204/528417 (0.04 %)  pauza 0.0 ms  citanie 657.9 ms  spolu 665.7 ms
2026-10-06T00:07:47.536Z INFO  #75 delta  860.00 KiB/4.00 GiB  stranky 214/528417 (0.04 %)  pauza 0.0 ms  citanie 626.7 ms  spolu 634.4 ms
2026-10-06T00:07:52.560Z INFO  #76 delta  840.00 KiB/4.00 GiB  stranky 209/528417 (0.04 %)  pauza 0.0 ms  citanie 651.0 ms  spolu 658.1 ms
2026-10-06T00:07:57.536Z INFO  #77 delta  816.00 KiB/4.00 GiB  stranky 203/528417 (0.04 %)  pauza 0.0 ms  citanie 626.2 ms  spolu 633.8 ms
2026-10-06T00:08:02.542Z INFO  #78 delta  3.74 MiB/4.00 GiB  stranky 956/528417 (0.18 %)  pauza 0.0 ms  citanie 632.0 ms  spolu 640.3 ms
2026-10-06T00:08:07.559Z INFO  #79 delta  1.07 MiB/4.00 GiB  stranky 272/528417 (0.05 %)  pauza 0.0 ms  citanie 650.3 ms  spolu 657.3 ms
2026-10-06T00:08:13.223Z INFO  #80 PLNA   295.45 MiB/4.00 GiB  stranky 75487/528417 (14.29 %)  pauza 0.0 ms  citanie 1220.5 ms  spolu 1320.9 ms
2026-10-06T00:08:17.585Z INFO  #81 delta  812.00 KiB/4.00 GiB  stranky 202/528417 (0.04 %)  pauza 0.0 ms  citanie 666.6 ms  spolu 683.2 ms
2026-10-06T00:08:22.604Z INFO  #82 delta  772.00 KiB/4.00 GiB  stranky 192/528417 (0.04 %)  pauza 0.0 ms  citanie 695.1 ms  spolu 702.4 ms
2026-10-06T00:08:27.597Z INFO  #83 delta  1.01 MiB/4.00 GiB  stranky 258/528417 (0.05 %)  pauza 0.0 ms  citanie 688.3 ms  spolu 695.4 ms
2026-10-06T00:08:32.596Z INFO  #84 delta  868.00 KiB/4.00 GiB  stranky 216/528417 (0.04 %)  pauza 0.0 ms  citanie 687.2 ms  spolu 694.3 ms
2026-10-06T00:08:37.606Z INFO  #85 delta  1.15 MiB/4.00 GiB  stranky 293/528417 (0.06 %)  pauza 0.0 ms  citanie 700.3 ms  spolu 704.0 ms
2026-10-06T00:08:42.648Z INFO  #86 delta  808.00 KiB/4.00 GiB  stranky 201/528417 (0.04 %)  pauza 0.0 ms  citanie 738.9 ms  spolu 746.2 ms
2026-10-06T00:08:47.617Z INFO  #87 delta  812.00 KiB/4.00 GiB  stranky 202/528417 (0.04 %)  pauza 0.0 ms  citanie 703.0 ms  spolu 715.2 ms
2026-10-06T00:08:52.646Z INFO  #88 delta  780.00 KiB/4.00 GiB  stranky 194/528417 (0.04 %)  pauza 0.0 ms  citanie 735.7 ms  spolu 744.0 ms
2026-10-06T00:08:57.639Z INFO  #89 delta  840.00 KiB/4.00 GiB  stranky 209/528417 (0.04 %)  pauza 0.0 ms  citanie 730.1 ms  spolu 737.1 ms
2026-10-06T00:09:02.532Z INFO  #90 delta  3.75 MiB/4.00 GiB  stranky 959/528417 (0.18 %)  pauza 0.0 ms  citanie 622.7 ms  spolu 630.3 ms
2026-10-06T00:09:07.559Z INFO  #91 delta  1004.00 KiB/4.00 GiB  stranky 250/528417 (0.05 %)  pauza 0.0 ms  citanie 649.2 ms  spolu 656.8 ms
2026-10-06T00:09:12.524Z INFO  #92 delta  932.00 KiB/4.00 GiB  stranky 232/528417 (0.04 %)  pauza 0.0 ms  citanie 614.6 ms  spolu 621.9 ms
2026-10-06T00:09:17.532Z INFO  #93 delta  860.00 KiB/4.00 GiB  stranky 214/528417 (0.04 %)  pauza 0.0 ms  citanie 622.8 ms  spolu 630.2 ms
2026-10-06T00:09:21.902Z ERROR ebpf: domena 'hyptcn-guest' (pid 2267541): proces uz nezije
2026-10-06T00:09:21.921Z WARN  ebpf: domena 'hyptcn-guest' bezi pod novym pid 2359343 (predtym 2267541) - pripajam sa nanovo
2026-10-06T00:09:21.921Z INFO  ebpf: 'hyptcn-guest' (pid 2359343): 10 memslotov, 2.02 GiB pamate, max GPA 0x100000000
2026-10-06T00:09:21.921Z WARN  parametre VM sa zmenili: 'hyptcn-guest' [ebpf/kvm], RAM 2.02 GiB, max_paddr 0x100000000 - prepocitavam zbierane oblasti
2026-10-06T00:09:21.921Z INFO  zbierane oblasti: 5, spolu 2.02 GiB
2026-10-06T00:09:23.382Z INFO  #94 delta  316.52 MiB/4.00 GiB  stranky 80872/528417 (15.30 %)  pauza 0.0 ms  citanie 1371.8 ms  spolu 1480.0 ms
2026-10-06T00:09:27.729Z INFO  #95 delta  91.11 MiB/4.00 GiB  stranky 23277/528417 (4.41 %)  pauza 0.0 ms  citanie 792.3 ms  spolu 827.2 ms
2026-10-06T00:09:32.555Z INFO  #96 delta  5.88 MiB/4.00 GiB  stranky 1503/528417 (0.28 %)  pauza 0.0 ms  citanie 644.4 ms  spolu 652.6 ms
2026-10-06T00:09:37.552Z INFO  #97 delta  12.39 MiB/4.00 GiB  stranky 3164/528417 (0.60 %)  pauza 0.0 ms  citanie 640.4 ms  spolu 650.2 ms
2026-10-06T00:09:42.533Z INFO  #98 delta  4.11 MiB/4.00 GiB  stranky 1048/528417 (0.20 %)  pauza 0.0 ms  citanie 623.0 ms  spolu 631.1 ms
2026-10-06T00:09:47.531Z INFO  #99 delta  1.01 MiB/4.00 GiB  stranky 257/528417 (0.05 %)  pauza 0.0 ms  citanie 621.8 ms  spolu 629.2 ms
2026-10-06T00:09:53.217Z INFO  #100 PLNA   295.61 MiB/4.00 GiB  stranky 75529/528417 (14.29 %)  pauza 0.0 ms  citanie 1194.1 ms  spolu 1314.9 ms
2026-10-06T00:09:57.540Z INFO  #101 delta  3.76 MiB/4.00 GiB  stranky 961/528417 (0.18 %)  pauza 0.0 ms  citanie 629.8 ms  spolu 637.6 ms
2026-10-06T00:10:02.645Z INFO  #102 delta  10.35 MiB/4.00 GiB  stranky 2643/528417 (0.50 %)  pauza 0.0 ms  citanie 736.3 ms  spolu 742.9 ms
2026-10-06T00:10:07.569Z INFO  #103 delta  18.64 MiB/4.00 GiB  stranky 4763/528417 (0.90 %)  pauza 0.0 ms  citanie 659.3 ms  spolu 667.3 ms
2026-10-06T00:10:12.534Z INFO  #104 delta  1.32 MiB/4.00 GiB  stranky 337/528417 (0.06 %)  pauza 0.0 ms  citanie 625.1 ms  spolu 632.4 ms
2026-10-06T00:10:17.528Z INFO  #105 delta  1.27 MiB/4.00 GiB  stranky 325/528417 (0.06 %)  pauza 0.0 ms  citanie 623.6 ms  spolu 625.9 ms
2026-10-06T00:10:22.531Z INFO  #106 delta  1.51 MiB/4.00 GiB  stranky 386/528417 (0.07 %)  pauza 0.0 ms  citanie 621.3 ms  spolu 629.1 ms
2026-10-06T00:10:27.538Z INFO  #107 delta  4.25 MiB/4.00 GiB  stranky 1086/528417 (0.21 %)  pauza 0.0 ms  citanie 628.2 ms  spolu 636.1 ms
2026-10-06T00:10:32.522Z INFO  #108 delta  1.11 MiB/4.00 GiB  stranky 283/528417 (0.05 %)  pauza 0.0 ms  citanie 612.7 ms  spolu 620.0 ms
2026-10-06T00:10:37.521Z INFO  #109 delta  968.00 KiB/4.00 GiB  stranky 241/528417 (0.05 %)  pauza 0.0 ms  citanie 611.7 ms  spolu 618.9 ms
2026-10-06T00:10:42.528Z INFO  #110 delta  1000.00 KiB/4.00 GiB  stranky 249/528417 (0.05 %)  pauza 0.0 ms  citanie 618.9 ms  spolu 626.2 ms
2026-10-06T00:10:47.540Z INFO  #111 delta  940.00 KiB/4.00 GiB  stranky 234/528417 (0.04 %)  pauza 0.0 ms  citanie 634.7 ms  spolu 637.9 ms
2026-10-06T00:10:52.529Z INFO  #112 delta  872.00 KiB/4.00 GiB  stranky 217/528417 (0.04 %)  pauza 0.0 ms  citanie 619.6 ms  spolu 626.9 ms
2026-10-06T00:10:57.540Z INFO  #113 delta  900.00 KiB/4.00 GiB  stranky 224/528417 (0.04 %)  pauza 0.0 ms  citanie 631.0 ms  spolu 637.9 ms
2026-10-06T00:11:02.530Z INFO  #114 delta  1.36 MiB/4.00 GiB  stranky 348/528417 (0.07 %)  pauza 0.0 ms  citanie 620.2 ms  spolu 627.6 ms
2026-10-06T00:11:07.544Z INFO  #115 delta  1.04 MiB/4.00 GiB  stranky 265/528417 (0.05 %)  pauza 0.0 ms  citanie 634.8 ms  spolu 642.4 ms
2026-10-06T00:11:12.527Z INFO  #116 delta  888.00 KiB/4.00 GiB  stranky 221/528417 (0.04 %)  pauza 0.0 ms  citanie 617.5 ms  spolu 624.9 ms
2026-10-06T00:11:17.551Z INFO  #117 delta  984.00 KiB/4.00 GiB  stranky 245/528417 (0.05 %)  pauza 0.0 ms  citanie 641.5 ms  spolu 649.4 ms
2026-10-06T00:11:22.522Z INFO  #118 delta  844.00 KiB/4.00 GiB  stranky 210/528417 (0.04 %)  pauza 0.0 ms  citanie 617.7 ms  spolu 620.0 ms
2026-10-06T00:11:27.535Z INFO  #119 delta  3.71 MiB/4.00 GiB  stranky 947/528417 (0.18 %)  pauza 0.0 ms  citanie 625.2 ms  spolu 632.8 ms
2026-10-06T00:11:33.188Z INFO  #120 PLNA   296.89 MiB/4.00 GiB  stranky 75856/528417 (14.36 %)  pauza 0.0 ms  citanie 1185.5 ms  spolu 1286.1 ms
2026-10-06T00:11:37.522Z INFO  #121 delta  924.00 KiB/4.00 GiB  stranky 230/528417 (0.04 %)  pauza 0.0 ms  citanie 612.8 ms  spolu 620.2 ms
2026-10-06T00:11:42.522Z INFO  #122 delta  948.00 KiB/4.00 GiB  stranky 236/528417 (0.04 %)  pauza 0.0 ms  citanie 617.7 ms  spolu 619.9 ms
2026-10-06T00:11:47.538Z INFO  #123 delta  880.00 KiB/4.00 GiB  stranky 219/528417 (0.04 %)  pauza 0.0 ms  citanie 628.0 ms  spolu 635.5 ms
2026-10-06T00:11:52.539Z INFO  #124 delta  840.00 KiB/4.00 GiB  stranky 209/528417 (0.04 %)  pauza 0.0 ms  citanie 629.8 ms  spolu 637.5 ms
2026-10-06T00:11:57.532Z INFO  #125 delta  860.00 KiB/4.00 GiB  stranky 214/528417 (0.04 %)  pauza 0.0 ms  citanie 622.5 ms  spolu 629.8 ms
2026-10-06T00:12:02.538Z INFO  #126 delta  868.00 KiB/4.00 GiB  stranky 216/528417 (0.04 %)  pauza 0.0 ms  citanie 628.6 ms  spolu 635.7 ms
2026-10-06T00:12:06.902Z ERROR ebpf: domena 'hyptcn-guest' (pid 2359343): proces uz nezije
2026-10-06T00:12:06.920Z ERROR ebpf: na tomto stroji nebezi ziadna KVM domena (ziadny proces nema otvoreny /dev/kvm)
2026-10-06T00:12:06.920Z WARN  backend nevedel pripravit novy cyklus - data mozu byt zastarale
2026-10-06T00:12:06.920Z ERROR ebpf: domena 'hyptcn-guest' (pid 2359343): proces uz nezije
2026-10-06T00:12:06.920Z WARN  parametre VM sa nedali overit - zbieram podla poslednych znamych
2026-10-06T00:12:06.921Z ERROR ebpf: tabulka memslotov nie je platna
2026-10-06T00:12:06.921Z ERROR read_pa(0x0, 655360) zlyhalo
2026-10-06T00:12:11.902Z ERROR ebpf: domena 'hyptcn-guest' (pid 2359343): proces uz nezije
2026-10-06T00:12:11.916Z ERROR ebpf: na tomto stroji nebezi ziadna KVM domena (ziadny proces nema otvoreny /dev/kvm)
2026-10-06T00:12:11.916Z WARN  backend nevedel pripravit novy cyklus - data mozu byt zastarale
2026-10-06T00:12:11.916Z ERROR ebpf: domena 'hyptcn-guest' (pid 2359343): proces uz nezije
2026-10-06T00:12:11.916Z WARN  parametre VM sa nedali overit - zbieram podla poslednych znamych
2026-10-06T00:12:11.917Z ERROR ebpf: tabulka memslotov nie je platna
2026-10-06T00:12:11.917Z ERROR read_pa(0x0, 655360) zlyhalo
2026-10-06T00:12:16.902Z ERROR ebpf: domena 'hyptcn-guest' (pid 2359343): proces uz nezije
2026-10-06T00:12:16.916Z ERROR ebpf: na tomto stroji nebezi ziadna KVM domena (ziadny proces nema otvoreny /dev/kvm)
2026-10-06T00:12:16.916Z WARN  backend nevedel pripravit novy cyklus - data mozu byt zastarale
2026-10-06T00:12:16.916Z ERROR ebpf: domena 'hyptcn-guest' (pid 2359343): proces uz nezije
2026-10-06T00:12:16.916Z WARN  parametre VM sa nedali overit - zbieram podla poslednych znamych
2026-10-06T00:12:16.917Z ERROR ebpf: tabulka memslotov nie je platna
2026-10-06T00:12:16.917Z ERROR read_pa(0x0, 655360) zlyhalo
2026-10-06T00:12:21.902Z ERROR ebpf: domena 'hyptcn-guest' (pid 2359343): proces uz nezije
2026-10-06T00:12:21.915Z ERROR ebpf: na tomto stroji nebezi ziadna KVM domena (ziadny proces nema otvoreny /dev/kvm)
2026-10-06T00:12:21.915Z WARN  backend nevedel pripravit novy cyklus - data mozu byt zastarale
2026-10-06T00:12:21.915Z ERROR ebpf: domena 'hyptcn-guest' (pid 2359343): proces uz nezije
2026-10-06T00:12:21.915Z WARN  parametre VM sa nedali overit - zbieram podla poslednych znamych
2026-10-06T00:12:21.915Z ERROR ebpf: tabulka memslotov nie je platna
2026-10-06T00:12:21.915Z ERROR read_pa(0x0, 655360) zlyhalo
2026-10-06T00:12:26.902Z ERROR ebpf: domena 'hyptcn-guest' (pid 2359343): proces uz nezije
2026-10-06T00:12:26.918Z WARN  ebpf: domena 'hyptcn-guest' bezi pod novym pid 2392287 (predtym 2359343) - pripajam sa nanovo
2026-10-06T00:12:26.918Z INFO  ebpf: 'hyptcn-guest' (pid 2392287): 10 memslotov, 2.02 GiB pamate, max GPA 0x100000000
2026-10-06T00:12:26.918Z WARN  parametre VM sa zmenili: 'hyptcn-guest' [ebpf/kvm], RAM 2.02 GiB, max_paddr 0x100000000 - prepocitavam zbierane oblasti
2026-10-06T00:12:26.918Z INFO  zbierane oblasti: 5, spolu 2.02 GiB
2026-10-06T00:12:27.878Z INFO  #127 PLNA   131.15 MiB/4.00 GiB  stranky 33509/528417 (6.34 %)  pauza 0.0 ms  citanie 890.0 ms  spolu 976.4 ms
2026-10-06T00:12:31.902Z INFO  ebpf: 'hyptcn-guest' (pid 2392287): 10 memslotov, 2.02 GiB pamate, max GPA 0x100000000 (mapa pamate sa zmenila)
2026-10-06T00:12:33.039Z INFO  #128 delta  210.16 MiB/4.00 GiB  stranky 53695/528417 (10.16 %)  pauza 0.0 ms  citanie 1060.9 ms  spolu 1136.7 ms
2026-10-06T00:12:37.553Z INFO  #129 delta  14.01 MiB/4.00 GiB  stranky 3578/528417 (0.68 %)  pauza 0.0 ms  citanie 642.3 ms  spolu 651.4 ms
2026-10-06T00:12:42.547Z INFO  #130 delta  12.36 MiB/4.00 GiB  stranky 3157/528417 (0.60 %)  pauza 0.0 ms  citanie 636.6 ms  spolu 645.1 ms
2026-10-06T00:12:47.534Z INFO  #131 delta  4.12 MiB/4.00 GiB  stranky 1052/528417 (0.20 %)  pauza 0.0 ms  citanie 624.2 ms  spolu 632.1 ms
2026-10-06T00:12:52.533Z INFO  #132 delta  1.07 MiB/4.00 GiB  stranky 272/528417 (0.05 %)  pauza 0.0 ms  citanie 623.2 ms  spolu 630.6 ms
2026-10-06T00:12:57.626Z INFO  #133 delta  25.83 MiB/4.00 GiB  stranky 6600/528417 (1.25 %)  pauza 0.0 ms  citanie 710.9 ms  spolu 724.0 ms
2026-10-06T00:13:02.539Z INFO  #134 delta  8.16 MiB/4.00 GiB  stranky 2085/528417 (0.39 %)  pauza 0.0 ms  citanie 629.4 ms  spolu 637.4 ms
2026-10-06T00:13:07.552Z INFO  #135 delta  3.13 MiB/4.00 GiB  stranky 799/528417 (0.15 %)  pauza 0.0 ms  citanie 640.4 ms  spolu 649.7 ms
2026-10-06T00:13:12.574Z INFO  #136 delta  18.40 MiB/4.00 GiB  stranky 4701/528417 (0.89 %)  pauza 0.0 ms  citanie 660.9 ms  spolu 671.7 ms
2026-10-06T00:13:17.538Z INFO  #137 delta  1.63 MiB/4.00 GiB  stranky 416/528417 (0.08 %)  pauza 0.0 ms  citanie 627.8 ms  spolu 635.6 ms
2026-10-06T00:13:22.522Z INFO  #138 delta  1.25 MiB/4.00 GiB  stranky 320/528417 (0.06 %)  pauza 0.0 ms  citanie 613.5 ms  spolu 620.0 ms
2026-10-06T00:13:27.521Z INFO  #139 delta  896.00 KiB/4.00 GiB  stranky 223/528417 (0.04 %)  pauza 0.0 ms  citanie 611.9 ms  spolu 619.0 ms
2026-10-06T00:13:33.159Z INFO  #140 PLNA   293.93 MiB/4.00 GiB  stranky 75100/528417 (14.21 %)  pauza 0.0 ms  citanie 1147.7 ms  spolu 1256.8 ms
2026-10-06T00:13:37.524Z INFO  #141 delta  1.34 MiB/4.00 GiB  stranky 341/528417 (0.06 %)  pauza 0.0 ms  citanie 615.4 ms  spolu 622.5 ms
2026-10-06T00:13:42.523Z INFO  #142 delta  1.61 MiB/4.00 GiB  stranky 412/528417 (0.08 %)  pauza 0.0 ms  citanie 614.1 ms  spolu 621.3 ms
2026-10-06T00:13:47.527Z INFO  #143 delta  1.05 MiB/4.00 GiB  stranky 269/528417 (0.05 %)  pauza 0.0 ms  citanie 618.0 ms  spolu 625.0 ms
2026-10-06T00:13:52.526Z INFO  #144 delta  988.00 KiB/4.00 GiB  stranky 246/528417 (0.05 %)  pauza 0.0 ms  citanie 616.5 ms  spolu 623.7 ms
2026-10-06T00:13:57.519Z INFO  #145 delta  912.00 KiB/4.00 GiB  stranky 227/528417 (0.04 %)  pauza 0.0 ms  citanie 614.0 ms  spolu 617.4 ms
2026-10-06T00:14:02.527Z INFO  #146 delta  928.00 KiB/4.00 GiB  stranky 231/528417 (0.04 %)  pauza 0.0 ms  citanie 617.3 ms  spolu 624.6 ms
2026-10-06T00:14:07.527Z INFO  #147 delta  972.00 KiB/4.00 GiB  stranky 242/528417 (0.05 %)  pauza 0.0 ms  citanie 616.2 ms  spolu 623.9 ms
2026-10-06T00:14:12.531Z INFO  #148 delta  1.03 MiB/4.00 GiB  stranky 263/528417 (0.05 %)  pauza 0.0 ms  citanie 621.8 ms  spolu 629.2 ms
2026-10-06T00:14:17.520Z INFO  #149 delta  932.00 KiB/4.00 GiB  stranky 232/528417 (0.04 %)  pauza 0.0 ms  citanie 611.0 ms  spolu 618.2 ms
2026-10-06T00:14:22.539Z INFO  #150 delta  1.23 MiB/4.00 GiB  stranky 314/528417 (0.06 %)  pauza 0.0 ms  citanie 629.8 ms  spolu 637.3 ms
2026-10-06T00:14:27.509Z INFO  #151 delta  1.02 MiB/4.00 GiB  stranky 260/528417 (0.05 %)  pauza 0.0 ms  citanie 599.8 ms  spolu 606.9 ms
2026-10-06T00:14:32.531Z INFO  #152 delta  3.87 MiB/4.00 GiB  stranky 989/528417 (0.19 %)  pauza 0.0 ms  citanie 621.0 ms  spolu 628.8 ms
2026-10-06T00:14:37.529Z INFO  #153 delta  884.00 KiB/4.00 GiB  stranky 220/528417 (0.04 %)  pauza 0.0 ms  citanie 618.6 ms  spolu 626.5 ms
2026-10-06T00:14:42.535Z INFO  #154 delta  1.05 MiB/4.00 GiB  stranky 269/528417 (0.05 %)  pauza 0.0 ms  citanie 625.6 ms  spolu 633.0 ms
2026-10-06T00:14:47.521Z INFO  #155 delta  1.04 MiB/4.00 GiB  stranky 265/528417 (0.05 %)  pauza 0.0 ms  citanie 611.8 ms  spolu 618.9 ms
2026-10-06T00:14:52.522Z INFO  #156 delta  1.00 MiB/4.00 GiB  stranky 256/528417 (0.05 %)  pauza 0.0 ms  citanie 612.9 ms  spolu 620.0 ms
2026-10-06T00:14:57.524Z INFO  #157 delta  892.00 KiB/4.00 GiB  stranky 222/528417 (0.04 %)  pauza 0.0 ms  citanie 615.2 ms  spolu 622.5 ms
2026-10-06T00:15:02.522Z INFO  #158 delta  900.00 KiB/4.00 GiB  stranky 224/528417 (0.04 %)  pauza 0.0 ms  citanie 613.4 ms  spolu 620.3 ms
2026-10-06T00:15:07.526Z INFO  #159 delta  872.00 KiB/4.00 GiB  stranky 217/528417 (0.04 %)  pauza 0.0 ms  citanie 616.4 ms  spolu 623.8 ms
2026-10-06T00:15:11.902Z ERROR ebpf: domena 'hyptcn-guest' (pid 2392287): proces uz nezije
2026-10-06T00:15:11.921Z ERROR ebpf: na tomto stroji nebezi ziadna KVM domena (ziadny proces nema otvoreny /dev/kvm)
2026-10-06T00:15:11.921Z WARN  backend nevedel pripravit novy cyklus - data mozu byt zastarale
2026-10-06T00:15:11.921Z ERROR ebpf: domena 'hyptcn-guest' (pid 2392287): proces uz nezije
2026-10-06T00:15:11.921Z WARN  parametre VM sa nedali overit - zbieram podla poslednych znamych
2026-10-06T00:15:11.922Z ERROR ebpf: tabulka memslotov nie je platna
2026-10-06T00:15:11.922Z ERROR read_pa(0x0, 655360) zlyhalo
2026-10-06T00:15:16.902Z ERROR ebpf: domena 'hyptcn-guest' (pid 2392287): proces uz nezije
2026-10-06T00:15:16.919Z ERROR ebpf: na tomto stroji nebezi ziadna KVM domena (ziadny proces nema otvoreny /dev/kvm)
2026-10-06T00:15:16.919Z WARN  backend nevedel pripravit novy cyklus - data mozu byt zastarale
2026-10-06T00:15:16.919Z ERROR ebpf: domena 'hyptcn-guest' (pid 2392287): proces uz nezije
2026-10-06T00:15:16.919Z WARN  parametre VM sa nedali overit - zbieram podla poslednych znamych
2026-10-06T00:15:16.920Z ERROR ebpf: tabulka memslotov nie je platna
2026-10-06T00:15:16.920Z ERROR read_pa(0x0, 655360) zlyhalo
2026-10-06T00:15:21.902Z ERROR ebpf: domena 'hyptcn-guest' (pid 2392287): proces uz nezije
2026-10-06T00:15:21.924Z ERROR ebpf: na tomto stroji nebezi ziadna KVM domena (ziadny proces nema otvoreny /dev/kvm)
2026-10-06T00:15:21.924Z WARN  backend nevedel pripravit novy cyklus - data mozu byt zastarale
2026-10-06T00:15:21.924Z ERROR ebpf: domena 'hyptcn-guest' (pid 2392287): proces uz nezije
2026-10-06T00:15:21.924Z WARN  parametre VM sa nedali overit - zbieram podla poslednych znamych
2026-10-06T00:15:21.925Z ERROR ebpf: tabulka memslotov nie je platna
2026-10-06T00:15:21.925Z ERROR read_pa(0x0, 655360) zlyhalo
2026-10-06T00:15:26.902Z ERROR ebpf: domena 'hyptcn-guest' (pid 2392287): proces uz nezije
2026-10-06T00:15:26.923Z ERROR ebpf: na tomto stroji nebezi ziadna KVM domena (ziadny proces nema otvoreny /dev/kvm)
2026-10-06T00:15:26.923Z WARN  backend nevedel pripravit novy cyklus - data mozu byt zastarale
2026-10-06T00:15:26.923Z ERROR ebpf: domena 'hyptcn-guest' (pid 2392287): proces uz nezije
2026-10-06T00:15:26.923Z WARN  parametre VM sa nedali overit - zbieram podla poslednych znamych
2026-10-06T00:15:26.923Z ERROR ebpf: tabulka memslotov nie je platna
2026-10-06T00:15:26.923Z ERROR read_pa(0x0, 655360) zlyhalo
2026-10-06T00:15:31.902Z ERROR ebpf: domena 'hyptcn-guest' (pid 2392287): proces uz nezije
2026-10-06T00:15:31.921Z WARN  ebpf: domena 'hyptcn-guest' bezi pod novym pid 2425299 (predtym 2392287) - pripajam sa nanovo
2026-10-06T00:15:31.921Z INFO  ebpf: 'hyptcn-guest' (pid 2425299): 10 memslotov, 2.02 GiB pamate, max GPA 0x100000000
2026-10-06T00:15:31.921Z WARN  parametre VM sa zmenili: 'hyptcn-guest' [ebpf/kvm], RAM 2.02 GiB, max_paddr 0x100000000 - prepocitavam zbierane oblasti
2026-10-06T00:15:31.921Z INFO  zbierane oblasti: 5, spolu 2.02 GiB
2026-10-06T00:15:32.668Z INFO  #160 PLNA   48.94 MiB/4.00 GiB  stranky 12504/528417 (2.37 %)  pauza 0.0 ms  citanie 728.0 ms  spolu 766.3 ms
2026-10-06T00:15:36.902Z INFO  ebpf: 'hyptcn-guest' (pid 2425299): 10 memslotov, 2.02 GiB pamate, max GPA 0x100000000 (mapa pamate sa zmenila)
2026-10-06T00:15:38.053Z INFO  #161 delta  261.92 MiB/4.00 GiB  stranky 66920/528417 (12.66 %)  pauza 0.0 ms  citanie 1131.2 ms  spolu 1151.3 ms
2026-10-06T00:15:42.563Z INFO  #162 delta  15.93 MiB/4.00 GiB  stranky 4069/528417 (0.77 %)  pauza 0.0 ms  citanie 651.7 ms  spolu 661.1 ms
2026-10-06T00:15:47.527Z INFO  #163 delta  1.50 MiB/4.00 GiB  stranky 384/528417 (0.07 %)  pauza 0.0 ms  citanie 617.5 ms  spolu 624.8 ms
2026-10-06T00:15:52.570Z INFO  #164 delta  14.65 MiB/4.00 GiB  stranky 3743/528417 (0.71 %)  pauza 0.0 ms  citanie 658.4 ms  spolu 667.9 ms
2026-10-06T00:15:57.534Z INFO  #165 delta  1.36 MiB/4.00 GiB  stranky 348/528417 (0.07 %)  pauza 0.0 ms  citanie 624.9 ms  spolu 632.4 ms
2026-10-06T00:16:02.584Z INFO  #166 delta  19.08 MiB/4.00 GiB  stranky 4874/528417 (0.92 %)  pauza 0.0 ms  citanie 672.8 ms  spolu 682.2 ms
2026-10-06T00:16:07.555Z INFO  #167 delta  17.02 MiB/4.00 GiB  stranky 4348/528417 (0.82 %)  pauza 0.0 ms  citanie 643.6 ms  spolu 653.2 ms
2026-10-06T00:16:12.541Z INFO  #168 delta  1.34 MiB/4.00 GiB  stranky 341/528417 (0.06 %)  pauza 0.0 ms  citanie 631.3 ms  spolu 639.1 ms
2026-10-06T00:16:17.555Z INFO  #169 delta  18.02 MiB/4.00 GiB  stranky 4603/528417 (0.87 %)  pauza 0.0 ms  citanie 643.7 ms  spolu 653.2 ms
2026-10-06T00:16:22.553Z INFO  #170 delta  1.46 MiB/4.00 GiB  stranky 373/528417 (0.07 %)  pauza 0.0 ms  citanie 644.0 ms  spolu 651.2 ms
2026-10-06T00:16:27.515Z INFO  #171 delta  1.20 MiB/4.00 GiB  stranky 307/528417 (0.06 %)  pauza 0.0 ms  citanie 605.9 ms  spolu 613.3 ms
2026-10-06T00:16:32.535Z INFO  #172 delta  960.00 KiB/4.00 GiB  stranky 239/528417 (0.05 %)  pauza 0.0 ms  citanie 625.3 ms  spolu 632.9 ms
2026-10-06T00:16:37.526Z INFO  #173 delta  4.32 MiB/4.00 GiB  stranky 1102/528417 (0.21 %)  pauza 0.0 ms  citanie 615.1 ms  spolu 623.6 ms
2026-10-06T00:16:42.532Z INFO  #174 delta  1.35 MiB/4.00 GiB  stranky 344/528417 (0.07 %)  pauza 0.0 ms  citanie 622.1 ms  spolu 630.0 ms
2026-10-06T00:16:47.518Z INFO  #175 delta  1.64 MiB/4.00 GiB  stranky 419/528417 (0.08 %)  pauza 0.0 ms  citanie 608.5 ms  spolu 615.7 ms
2026-10-06T00:16:52.531Z INFO  #176 delta  1.05 MiB/4.00 GiB  stranky 268/528417 (0.05 %)  pauza 0.0 ms  citanie 621.3 ms  spolu 628.7 ms
2026-10-06T00:16:57.534Z INFO  #177 delta  940.00 KiB/4.00 GiB  stranky 234/528417 (0.04 %)  pauza 0.0 ms  citanie 624.0 ms  spolu 631.6 ms
2026-10-06T00:17:02.528Z INFO  #178 delta  936.00 KiB/4.00 GiB  stranky 233/528417 (0.04 %)  pauza 0.0 ms  citanie 618.6 ms  spolu 625.7 ms
2026-10-06T00:17:07.509Z INFO  #179 delta  896.00 KiB/4.00 GiB  stranky 223/528417 (0.04 %)  pauza 0.0 ms  citanie 599.9 ms  spolu 607.0 ms
2026-10-06T00:17:13.177Z INFO  #180 PLNA   292.34 MiB/4.00 GiB  stranky 74693/528417 (14.14 %)  pauza 0.0 ms  citanie 1160.2 ms  spolu 1274.5 ms
2026-10-06T00:17:17.519Z INFO  #181 delta  980.00 KiB/4.00 GiB  stranky 244/528417 (0.05 %)  pauza 0.0 ms  citanie 609.4 ms  spolu 616.8 ms
2026-10-06T00:17:22.533Z INFO  #182 delta  840.00 KiB/4.00 GiB  stranky 209/528417 (0.04 %)  pauza 0.0 ms  citanie 623.5 ms  spolu 631.2 ms
2026-10-06T00:17:27.521Z INFO  #183 delta  840.00 KiB/4.00 GiB  stranky 209/528417 (0.04 %)  pauza 0.0 ms  citanie 611.8 ms  spolu 619.2 ms
2026-10-06T00:17:32.528Z INFO  #184 delta  1.14 MiB/4.00 GiB  stranky 291/528417 (0.06 %)  pauza 0.0 ms  citanie 623.2 ms  spolu 626.4 ms
2026-10-06T00:17:37.533Z INFO  #185 delta  3.79 MiB/4.00 GiB  stranky 968/528417 (0.18 %)  pauza 0.0 ms  citanie 623.2 ms  spolu 630.6 ms
2026-10-06T00:17:42.528Z INFO  #186 delta  1.00 MiB/4.00 GiB  stranky 256/528417 (0.05 %)  pauza 0.0 ms  citanie 618.7 ms  spolu 626.0 ms
2026-10-06T00:17:47.526Z INFO  #187 delta  1.48 MiB/4.00 GiB  stranky 377/528417 (0.07 %)  pauza 0.0 ms  citanie 621.4 ms  spolu 623.8 ms
2026-10-06T00:17:52.524Z INFO  #188 delta  916.00 KiB/4.00 GiB  stranky 228/528417 (0.04 %)  pauza 0.0 ms  citanie 614.3 ms  spolu 621.7 ms
2026-10-06T00:17:57.522Z INFO  #189 delta  908.00 KiB/4.00 GiB  stranky 226/528417 (0.04 %)  pauza 0.0 ms  citanie 612.4 ms  spolu 620.5 ms
2026-10-06T00:18:02.510Z INFO  #190 delta  1.02 MiB/4.00 GiB  stranky 260/528417 (0.05 %)  pauza 0.0 ms  citanie 600.4 ms  spolu 607.8 ms
2026-10-06T00:18:07.524Z INFO  #191 delta  876.00 KiB/4.00 GiB  stranky 218/528417 (0.04 %)  pauza 0.0 ms  citanie 614.6 ms  spolu 622.0 ms
2026-10-06T00:18:12.524Z INFO  #192 delta  880.00 KiB/4.00 GiB  stranky 219/528417 (0.04 %)  pauza 0.0 ms  citanie 614.3 ms  spolu 621.7 ms
2026-10-06T00:18:16.902Z ERROR ebpf: domena 'hyptcn-guest' (pid 2425299): proces uz nezije
2026-10-06T00:18:16.921Z ERROR ebpf: na tomto stroji nebezi ziadna KVM domena (ziadny proces nema otvoreny /dev/kvm)
2026-10-06T00:18:16.921Z WARN  backend nevedel pripravit novy cyklus - data mozu byt zastarale
2026-10-06T00:18:16.921Z ERROR ebpf: domena 'hyptcn-guest' (pid 2425299): proces uz nezije
2026-10-06T00:18:16.921Z WARN  parametre VM sa nedali overit - zbieram podla poslednych znamych
2026-10-06T00:18:16.921Z ERROR ebpf: tabulka memslotov nie je platna
2026-10-06T00:18:16.921Z ERROR read_pa(0x0, 655360) zlyhalo
2026-10-06T00:18:21.902Z ERROR ebpf: domena 'hyptcn-guest' (pid 2425299): proces uz nezije
2026-10-06T00:18:21.922Z ERROR ebpf: na tomto stroji nebezi ziadna KVM domena (ziadny proces nema otvoreny /dev/kvm)
2026-10-06T00:18:21.922Z WARN  backend nevedel pripravit novy cyklus - data mozu byt zastarale
2026-10-06T00:18:21.922Z ERROR ebpf: domena 'hyptcn-guest' (pid 2425299): proces uz nezije
2026-10-06T00:18:21.922Z WARN  parametre VM sa nedali overit - zbieram podla poslednych znamych
2026-10-06T00:18:21.923Z ERROR ebpf: tabulka memslotov nie je platna
2026-10-06T00:18:21.923Z ERROR read_pa(0x0, 655360) zlyhalo
2026-10-06T00:18:26.902Z ERROR ebpf: domena 'hyptcn-guest' (pid 2425299): proces uz nezije
2026-10-06T00:18:26.916Z ERROR ebpf: na tomto stroji nebezi ziadna KVM domena (ziadny proces nema otvoreny /dev/kvm)
2026-10-06T00:18:26.916Z WARN  backend nevedel pripravit novy cyklus - data mozu byt zastarale
2026-10-06T00:18:26.916Z ERROR ebpf: domena 'hyptcn-guest' (pid 2425299): proces uz nezije
2026-10-06T00:18:26.916Z WARN  parametre VM sa nedali overit - zbieram podla poslednych znamych
2026-10-06T00:18:26.917Z ERROR ebpf: tabulka memslotov nie je platna
2026-10-06T00:18:26.917Z ERROR read_pa(0x0, 655360) zlyhalo
2026-10-06T00:18:31.902Z ERROR ebpf: domena 'hyptcn-guest' (pid 2425299): proces uz nezije
2026-10-06T00:18:31.919Z ERROR ebpf: na tomto stroji nebezi ziadna KVM domena (ziadny proces nema otvoreny /dev/kvm)
2026-10-06T00:18:31.919Z WARN  backend nevedel pripravit novy cyklus - data mozu byt zastarale
2026-10-06T00:18:31.919Z ERROR ebpf: domena 'hyptcn-guest' (pid 2425299): proces uz nezije
2026-10-06T00:18:31.919Z WARN  parametre VM sa nedali overit - zbieram podla poslednych znamych
2026-10-06T00:18:31.920Z ERROR ebpf: tabulka memslotov nie je platna
2026-10-06T00:18:31.920Z ERROR read_pa(0x0, 655360) zlyhalo
2026-10-06T00:18:36.902Z ERROR ebpf: domena 'hyptcn-guest' (pid 2425299): proces uz nezije
2026-10-06T00:18:36.920Z ERROR ebpf: na tomto stroji nebezi ziadna KVM domena (ziadny proces nema otvoreny /dev/kvm)
2026-10-06T00:18:36.921Z WARN  backend nevedel pripravit novy cyklus - data mozu byt zastarale
2026-10-06T00:18:36.921Z ERROR ebpf: domena 'hyptcn-guest' (pid 2425299): proces uz nezije
2026-10-06T00:18:36.921Z WARN  parametre VM sa nedali overit - zbieram podla poslednych znamych
2026-10-06T00:18:36.921Z ERROR ebpf: tabulka memslotov nie je platna
2026-10-06T00:18:36.921Z ERROR read_pa(0x0, 655360) zlyhalo
2026-10-06T00:18:41.902Z ERROR ebpf: domena 'hyptcn-guest' (pid 2425299): proces uz nezije
2026-10-06T00:18:41.916Z ERROR ebpf: na tomto stroji nebezi ziadna KVM domena (ziadny proces nema otvoreny /dev/kvm)
2026-10-06T00:18:41.916Z WARN  backend nevedel pripravit novy cyklus - data mozu byt zastarale
2026-10-06T00:18:41.916Z ERROR ebpf: domena 'hyptcn-guest' (pid 2425299): proces uz nezije
2026-10-06T00:18:41.916Z WARN  parametre VM sa nedali overit - zbieram podla poslednych znamych
2026-10-06T00:18:41.917Z ERROR ebpf: tabulka memslotov nie je platna
2026-10-06T00:18:41.917Z ERROR read_pa(0x0, 655360) zlyhalo
2026-10-06T00:18:46.902Z ERROR ebpf: domena 'hyptcn-guest' (pid 2425299): proces uz nezije
2026-10-06T00:18:46.915Z ERROR ebpf: na tomto stroji nebezi ziadna KVM domena (ziadny proces nema otvoreny /dev/kvm)
2026-10-06T00:18:46.915Z WARN  backend nevedel pripravit novy cyklus - data mozu byt zastarale
2026-10-06T00:18:46.915Z ERROR ebpf: domena 'hyptcn-guest' (pid 2425299): proces uz nezije
2026-10-06T00:18:46.915Z WARN  parametre VM sa nedali overit - zbieram podla poslednych znamych
2026-10-06T00:18:46.916Z ERROR ebpf: tabulka memslotov nie je platna
2026-10-06T00:18:46.916Z ERROR read_pa(0x0, 655360) zlyhalo
2026-10-06T00:18:51.902Z ERROR ebpf: domena 'hyptcn-guest' (pid 2425299): proces uz nezije
2026-10-06T00:18:51.919Z ERROR ebpf: na tomto stroji nebezi ziadna KVM domena (ziadny proces nema otvoreny /dev/kvm)
2026-10-06T00:18:51.919Z WARN  backend nevedel pripravit novy cyklus - data mozu byt zastarale
2026-10-06T00:18:51.919Z ERROR ebpf: domena 'hyptcn-guest' (pid 2425299): proces uz nezije
2026-10-06T00:18:51.919Z WARN  parametre VM sa nedali overit - zbieram podla poslednych znamych
2026-10-06T00:18:51.920Z ERROR ebpf: tabulka memslotov nie je platna
2026-10-06T00:18:51.920Z ERROR read_pa(0x0, 655360) zlyhalo
2026-10-06T00:18:56.902Z ERROR ebpf: domena 'hyptcn-guest' (pid 2425299): proces uz nezije
2026-10-06T00:18:56.919Z ERROR ebpf: na tomto stroji nebezi ziadna KVM domena (ziadny proces nema otvoreny /dev/kvm)
2026-10-06T00:18:56.919Z WARN  backend nevedel pripravit novy cyklus - data mozu byt zastarale
2026-10-06T00:18:56.919Z ERROR ebpf: domena 'hyptcn-guest' (pid 2425299): proces uz nezije
2026-10-06T00:18:56.919Z WARN  parametre VM sa nedali overit - zbieram podla poslednych znamych
2026-10-06T00:18:56.920Z ERROR ebpf: tabulka memslotov nie je platna
2026-10-06T00:18:56.920Z ERROR read_pa(0x0, 655360) zlyhalo
2026-10-06T00:19:01.902Z ERROR ebpf: domena 'hyptcn-guest' (pid 2425299): proces uz nezije
2026-10-06T00:19:01.918Z ERROR ebpf: na tomto stroji nebezi ziadna KVM domena (ziadny proces nema otvoreny /dev/kvm)
2026-10-06T00:19:01.918Z WARN  backend nevedel pripravit novy cyklus - data mozu byt zastarale
2026-10-06T00:19:01.918Z ERROR ebpf: domena 'hyptcn-guest' (pid 2425299): proces uz nezije
2026-10-06T00:19:01.918Z WARN  parametre VM sa nedali overit - zbieram podla poslednych znamych
2026-10-06T00:19:01.919Z ERROR ebpf: tabulka memslotov nie je platna
2026-10-06T00:19:01.919Z ERROR read_pa(0x0, 655360) zlyhalo
2026-10-06T00:19:06.902Z ERROR ebpf: domena 'hyptcn-guest' (pid 2425299): proces uz nezije
2026-10-06T00:19:06.918Z ERROR ebpf: na tomto stroji nebezi ziadna KVM domena (ziadny proces nema otvoreny /dev/kvm)
2026-10-06T00:19:06.918Z WARN  backend nevedel pripravit novy cyklus - data mozu byt zastarale
2026-10-06T00:19:06.918Z ERROR ebpf: domena 'hyptcn-guest' (pid 2425299): proces uz nezije
2026-10-06T00:19:06.918Z WARN  parametre VM sa nedali overit - zbieram podla poslednych znamych
2026-10-06T00:19:06.919Z ERROR ebpf: tabulka memslotov nie je platna
2026-10-06T00:19:06.919Z ERROR read_pa(0x0, 655360) zlyhalo
2026-10-06T00:19:11.902Z ERROR ebpf: domena 'hyptcn-guest' (pid 2425299): proces uz nezije
2026-10-06T00:19:11.916Z ERROR ebpf: na tomto stroji nebezi ziadna KVM domena (ziadny proces nema otvoreny /dev/kvm)
2026-10-06T00:19:11.916Z WARN  backend nevedel pripravit novy cyklus - data mozu byt zastarale
2026-10-06T00:19:11.916Z ERROR ebpf: domena 'hyptcn-guest' (pid 2425299): proces uz nezije
2026-10-06T00:19:11.916Z WARN  parametre VM sa nedali overit - zbieram podla poslednych znamych
2026-10-06T00:19:11.917Z ERROR ebpf: tabulka memslotov nie je platna
2026-10-06T00:19:11.917Z ERROR read_pa(0x0, 655360) zlyhalo
2026-10-06T00:19:16.902Z ERROR ebpf: domena 'hyptcn-guest' (pid 2425299): proces uz nezije
2026-10-06T00:19:16.917Z ERROR ebpf: na tomto stroji nebezi ziadna KVM domena (ziadny proces nema otvoreny /dev/kvm)
2026-10-06T00:19:16.917Z WARN  backend nevedel pripravit novy cyklus - data mozu byt zastarale
2026-10-06T00:19:16.917Z ERROR ebpf: domena 'hyptcn-guest' (pid 2425299): proces uz nezije
2026-10-06T00:19:16.917Z WARN  parametre VM sa nedali overit - zbieram podla poslednych znamych
2026-10-06T00:19:16.918Z ERROR ebpf: tabulka memslotov nie je platna
2026-10-06T00:19:16.918Z ERROR read_pa(0x0, 655360) zlyhalo
2026-10-06T00:19:21.902Z ERROR ebpf: domena 'hyptcn-guest' (pid 2425299): proces uz nezije
2026-10-06T00:19:21.923Z ERROR ebpf: na tomto stroji nebezi ziadna KVM domena (ziadny proces nema otvoreny /dev/kvm)
2026-10-06T00:19:21.923Z WARN  backend nevedel pripravit novy cyklus - data mozu byt zastarale
2026-10-06T00:19:21.923Z ERROR ebpf: domena 'hyptcn-guest' (pid 2425299): proces uz nezije
2026-10-06T00:19:21.923Z WARN  parametre VM sa nedali overit - zbieram podla poslednych znamych
2026-10-06T00:19:21.923Z ERROR ebpf: tabulka memslotov nie je platna
2026-10-06T00:19:21.923Z ERROR read_pa(0x0, 655360) zlyhalo
2026-10-06T00:19:26.902Z ERROR ebpf: domena 'hyptcn-guest' (pid 2425299): proces uz nezije
2026-10-06T00:19:26.918Z ERROR ebpf: na tomto stroji nebezi ziadna KVM domena (ziadny proces nema otvoreny /dev/kvm)
2026-10-06T00:19:26.918Z WARN  backend nevedel pripravit novy cyklus - data mozu byt zastarale
2026-10-06T00:19:26.918Z ERROR ebpf: domena 'hyptcn-guest' (pid 2425299): proces uz nezije
2026-10-06T00:19:26.918Z WARN  parametre VM sa nedali overit - zbieram podla poslednych znamych
2026-10-06T00:19:26.919Z ERROR ebpf: tabulka memslotov nie je platna
2026-10-06T00:19:26.919Z ERROR read_pa(0x0, 655360) zlyhalo
2026-10-06T00:19:31.902Z ERROR ebpf: domena 'hyptcn-guest' (pid 2425299): proces uz nezije
2026-10-06T00:19:31.926Z ERROR ebpf: na tomto stroji nebezi ziadna KVM domena (ziadny proces nema otvoreny /dev/kvm)
2026-10-06T00:19:31.926Z WARN  backend nevedel pripravit novy cyklus - data mozu byt zastarale
2026-10-06T00:19:31.926Z ERROR ebpf: domena 'hyptcn-guest' (pid 2425299): proces uz nezije
2026-10-06T00:19:31.926Z WARN  parametre VM sa nedali overit - zbieram podla poslednych znamych
2026-10-06T00:19:31.926Z ERROR ebpf: tabulka memslotov nie je platna
2026-10-06T00:19:31.926Z ERROR read_pa(0x0, 655360) zlyhalo
2026-10-06T00:19:36.902Z ERROR ebpf: domena 'hyptcn-guest' (pid 2425299): proces uz nezije
2026-10-06T00:19:36.917Z ERROR ebpf: na tomto stroji nebezi ziadna KVM domena (ziadny proces nema otvoreny /dev/kvm)
2026-10-06T00:19:36.917Z WARN  backend nevedel pripravit novy cyklus - data mozu byt zastarale
2026-10-06T00:19:36.917Z ERROR ebpf: domena 'hyptcn-guest' (pid 2425299): proces uz nezije
2026-10-06T00:19:36.917Z WARN  parametre VM sa nedali overit - zbieram podla poslednych znamych
2026-10-06T00:19:36.918Z ERROR ebpf: tabulka memslotov nie je platna
2026-10-06T00:19:36.918Z ERROR read_pa(0x0, 655360) zlyhalo
2026-10-06T00:19:41.902Z ERROR ebpf: domena 'hyptcn-guest' (pid 2425299): proces uz nezije
2026-10-06T00:19:41.917Z ERROR ebpf: na tomto stroji nebezi ziadna KVM domena (ziadny proces nema otvoreny /dev/kvm)
2026-10-06T00:19:41.917Z WARN  backend nevedel pripravit novy cyklus - data mozu byt zastarale
2026-10-06T00:19:41.917Z ERROR ebpf: domena 'hyptcn-guest' (pid 2425299): proces uz nezije
2026-10-06T00:19:41.917Z WARN  parametre VM sa nedali overit - zbieram podla poslednych znamych
2026-10-06T00:19:41.918Z ERROR ebpf: tabulka memslotov nie je platna
2026-10-06T00:19:41.918Z ERROR read_pa(0x0, 655360) zlyhalo
2026-10-06T00:19:46.902Z ERROR ebpf: domena 'hyptcn-guest' (pid 2425299): proces uz nezije
2026-10-06T00:19:46.919Z ERROR ebpf: na tomto stroji nebezi ziadna KVM domena (ziadny proces nema otvoreny /dev/kvm)
2026-10-06T00:19:46.919Z WARN  backend nevedel pripravit novy cyklus - data mozu byt zastarale
2026-10-06T00:19:46.919Z ERROR ebpf: domena 'hyptcn-guest' (pid 2425299): proces uz nezije
2026-10-06T00:19:46.919Z WARN  parametre VM sa nedali overit - zbieram podla poslednych znamych
2026-10-06T00:19:46.920Z ERROR ebpf: tabulka memslotov nie je platna
2026-10-06T00:19:46.920Z ERROR read_pa(0x0, 655360) zlyhalo
2026-10-06T00:19:51.902Z ERROR ebpf: domena 'hyptcn-guest' (pid 2425299): proces uz nezije
2026-10-06T00:19:51.917Z ERROR ebpf: na tomto stroji nebezi ziadna KVM domena (ziadny proces nema otvoreny /dev/kvm)
2026-10-06T00:19:51.917Z WARN  backend nevedel pripravit novy cyklus - data mozu byt zastarale
2026-10-06T00:19:51.917Z ERROR ebpf: domena 'hyptcn-guest' (pid 2425299): proces uz nezije
2026-10-06T00:19:51.917Z WARN  parametre VM sa nedali overit - zbieram podla poslednych znamych
2026-10-06T00:19:51.918Z ERROR ebpf: tabulka memslotov nie je platna
2026-10-06T00:19:51.918Z ERROR read_pa(0x0, 655360) zlyhalo
2026-10-06T00:19:56.902Z ERROR ebpf: domena 'hyptcn-guest' (pid 2425299): proces uz nezije
2026-10-06T00:19:56.917Z ERROR ebpf: na tomto stroji nebezi ziadna KVM domena (ziadny proces nema otvoreny /dev/kvm)
2026-10-06T00:19:56.917Z WARN  backend nevedel pripravit novy cyklus - data mozu byt zastarale
2026-10-06T00:19:56.917Z ERROR ebpf: domena 'hyptcn-guest' (pid 2425299): proces uz nezije
2026-10-06T00:19:56.917Z WARN  parametre VM sa nedali overit - zbieram podla poslednych znamych
2026-10-06T00:19:56.918Z ERROR ebpf: tabulka memslotov nie je platna
2026-10-06T00:19:56.918Z ERROR read_pa(0x0, 655360) zlyhalo
2026-10-06T00:20:01.902Z ERROR ebpf: domena 'hyptcn-guest' (pid 2425299): proces uz nezije
2026-10-06T00:20:01.922Z ERROR ebpf: na tomto stroji nebezi ziadna KVM domena (ziadny proces nema otvoreny /dev/kvm)
2026-10-06T00:20:01.922Z WARN  backend nevedel pripravit novy cyklus - data mozu byt zastarale
2026-10-06T00:20:01.922Z ERROR ebpf: domena 'hyptcn-guest' (pid 2425299): proces uz nezije
2026-10-06T00:20:01.922Z WARN  parametre VM sa nedali overit - zbieram podla poslednych znamych
2026-10-06T00:20:01.923Z ERROR ebpf: tabulka memslotov nie je platna
2026-10-06T00:20:01.923Z ERROR read_pa(0x0, 655360) zlyhalo
2026-10-06T00:20:06.902Z ERROR ebpf: domena 'hyptcn-guest' (pid 2425299): proces uz nezije
2026-10-06T00:20:06.916Z ERROR ebpf: na tomto stroji nebezi ziadna KVM domena (ziadny proces nema otvoreny /dev/kvm)
2026-10-06T00:20:06.916Z WARN  backend nevedel pripravit novy cyklus - data mozu byt zastarale
2026-10-06T00:20:06.916Z ERROR ebpf: domena 'hyptcn-guest' (pid 2425299): proces uz nezije
2026-10-06T00:20:06.916Z WARN  parametre VM sa nedali overit - zbieram podla poslednych znamych
2026-10-06T00:20:06.917Z ERROR ebpf: tabulka memslotov nie je platna
2026-10-06T00:20:06.917Z ERROR read_pa(0x0, 655360) zlyhalo
2026-10-06T00:20:11.902Z ERROR ebpf: domena 'hyptcn-guest' (pid 2425299): proces uz nezije
2026-10-06T00:20:11.916Z ERROR ebpf: na tomto stroji nebezi ziadna KVM domena (ziadny proces nema otvoreny /dev/kvm)
2026-10-06T00:20:11.917Z WARN  backend nevedel pripravit novy cyklus - data mozu byt zastarale
2026-10-06T00:20:11.917Z ERROR ebpf: domena 'hyptcn-guest' (pid 2425299): proces uz nezije
2026-10-06T00:20:11.917Z WARN  parametre VM sa nedali overit - zbieram podla poslednych znamych
2026-10-06T00:20:11.917Z ERROR ebpf: tabulka memslotov nie je platna
2026-10-06T00:20:11.917Z ERROR read_pa(0x0, 655360) zlyhalo
2026-10-06T00:20:16.902Z ERROR ebpf: domena 'hyptcn-guest' (pid 2425299): proces uz nezije
2026-10-06T00:20:16.917Z ERROR ebpf: na tomto stroji nebezi ziadna KVM domena (ziadny proces nema otvoreny /dev/kvm)
2026-10-06T00:20:16.917Z WARN  backend nevedel pripravit novy cyklus - data mozu byt zastarale
2026-10-06T00:20:16.917Z ERROR ebpf: domena 'hyptcn-guest' (pid 2425299): proces uz nezije
2026-10-06T00:20:16.917Z WARN  parametre VM sa nedali overit - zbieram podla poslednych znamych
2026-10-06T00:20:16.918Z ERROR ebpf: tabulka memslotov nie je platna
2026-10-06T00:20:16.918Z ERROR read_pa(0x0, 655360) zlyhalo
2026-10-06T00:20:21.902Z ERROR ebpf: domena 'hyptcn-guest' (pid 2425299): proces uz nezije
2026-10-06T00:20:21.918Z ERROR ebpf: na tomto stroji nebezi ziadna KVM domena (ziadny proces nema otvoreny /dev/kvm)
2026-10-06T00:20:21.918Z WARN  backend nevedel pripravit novy cyklus - data mozu byt zastarale
2026-10-06T00:20:21.918Z ERROR ebpf: domena 'hyptcn-guest' (pid 2425299): proces uz nezije
2026-10-06T00:20:21.918Z WARN  parametre VM sa nedali overit - zbieram podla poslednych znamych
2026-10-06T00:20:21.919Z ERROR ebpf: tabulka memslotov nie je platna
2026-10-06T00:20:21.919Z ERROR read_pa(0x0, 655360) zlyhalo
2026-10-06T00:20:26.902Z ERROR ebpf: domena 'hyptcn-guest' (pid 2425299): proces uz nezije
2026-10-06T00:20:26.918Z ERROR ebpf: na tomto stroji nebezi ziadna KVM domena (ziadny proces nema otvoreny /dev/kvm)
2026-10-06T00:20:26.918Z WARN  backend nevedel pripravit novy cyklus - data mozu byt zastarale
2026-10-06T00:20:26.918Z ERROR ebpf: domena 'hyptcn-guest' (pid 2425299): proces uz nezije
2026-10-06T00:20:26.918Z WARN  parametre VM sa nedali overit - zbieram podla poslednych znamych
2026-10-06T00:20:26.919Z ERROR ebpf: tabulka memslotov nie je platna
2026-10-06T00:20:26.919Z ERROR read_pa(0x0, 655360) zlyhalo
2026-10-06T00:20:31.902Z ERROR ebpf: domena 'hyptcn-guest' (pid 2425299): proces uz nezije
2026-10-06T00:20:31.921Z ERROR ebpf: na tomto stroji nebezi ziadna KVM domena (ziadny proces nema otvoreny /dev/kvm)
2026-10-06T00:20:31.921Z WARN  backend nevedel pripravit novy cyklus - data mozu byt zastarale
2026-10-06T00:20:31.921Z ERROR ebpf: domena 'hyptcn-guest' (pid 2425299): proces uz nezije
2026-10-06T00:20:31.921Z WARN  parametre VM sa nedali overit - zbieram podla poslednych znamych
2026-10-06T00:20:31.922Z ERROR ebpf: tabulka memslotov nie je platna
2026-10-06T00:20:31.922Z ERROR read_pa(0x0, 655360) zlyhalo
2026-10-06T00:20:36.902Z ERROR ebpf: domena 'hyptcn-guest' (pid 2425299): proces uz nezije
2026-10-06T00:20:36.921Z ERROR ebpf: na tomto stroji nebezi ziadna KVM domena (ziadny proces nema otvoreny /dev/kvm)
2026-10-06T00:20:36.921Z WARN  backend nevedel pripravit novy cyklus - data mozu byt zastarale
2026-10-06T00:20:36.921Z ERROR ebpf: domena 'hyptcn-guest' (pid 2425299): proces uz nezije
2026-10-06T00:20:36.921Z WARN  parametre VM sa nedali overit - zbieram podla poslednych znamych
2026-10-06T00:20:36.922Z ERROR ebpf: tabulka memslotov nie je platna
2026-10-06T00:20:36.922Z ERROR read_pa(0x0, 655360) zlyhalo
2026-10-06T00:20:41.902Z ERROR ebpf: domena 'hyptcn-guest' (pid 2425299): proces uz nezije
2026-10-06T00:20:41.925Z ERROR ebpf: na tomto stroji nebezi ziadna KVM domena (ziadny proces nema otvoreny /dev/kvm)
2026-10-06T00:20:41.925Z WARN  backend nevedel pripravit novy cyklus - data mozu byt zastarale
2026-10-06T00:20:41.925Z ERROR ebpf: domena 'hyptcn-guest' (pid 2425299): proces uz nezije
2026-10-06T00:20:41.925Z WARN  parametre VM sa nedali overit - zbieram podla poslednych znamych
2026-10-06T00:20:41.926Z ERROR ebpf: tabulka memslotov nie je platna
2026-10-06T00:20:41.926Z ERROR read_pa(0x0, 655360) zlyhalo
2026-10-06T00:20:46.902Z ERROR ebpf: domena 'hyptcn-guest' (pid 2425299): proces uz nezije
2026-10-06T00:20:46.917Z ERROR ebpf: na tomto stroji nebezi ziadna KVM domena (ziadny proces nema otvoreny /dev/kvm)
2026-10-06T00:20:46.917Z WARN  backend nevedel pripravit novy cyklus - data mozu byt zastarale
2026-10-06T00:20:46.917Z ERROR ebpf: domena 'hyptcn-guest' (pid 2425299): proces uz nezije
2026-10-06T00:20:46.917Z WARN  parametre VM sa nedali overit - zbieram podla poslednych znamych
2026-10-06T00:20:46.917Z ERROR ebpf: tabulka memslotov nie je platna
2026-10-06T00:20:46.917Z ERROR read_pa(0x0, 655360) zlyhalo
2026-10-06T00:20:51.902Z ERROR ebpf: domena 'hyptcn-guest' (pid 2425299): proces uz nezije
2026-10-06T00:20:51.918Z ERROR ebpf: na tomto stroji nebezi ziadna KVM domena (ziadny proces nema otvoreny /dev/kvm)
2026-10-06T00:20:51.918Z WARN  backend nevedel pripravit novy cyklus - data mozu byt zastarale
2026-10-06T00:20:51.918Z ERROR ebpf: domena 'hyptcn-guest' (pid 2425299): proces uz nezije
2026-10-06T00:20:51.918Z WARN  parametre VM sa nedali overit - zbieram podla poslednych znamych
2026-10-06T00:20:51.919Z ERROR ebpf: tabulka memslotov nie je platna
2026-10-06T00:20:51.919Z ERROR read_pa(0x0, 655360) zlyhalo
2026-10-06T00:20:56.902Z ERROR ebpf: domena 'hyptcn-guest' (pid 2425299): proces uz nezije
2026-10-06T00:20:56.924Z ERROR ebpf: na tomto stroji nebezi ziadna KVM domena (ziadny proces nema otvoreny /dev/kvm)
2026-10-06T00:20:56.924Z WARN  backend nevedel pripravit novy cyklus - data mozu byt zastarale
2026-10-06T00:20:56.924Z ERROR ebpf: domena 'hyptcn-guest' (pid 2425299): proces uz nezije
2026-10-06T00:20:56.924Z WARN  parametre VM sa nedali overit - zbieram podla poslednych znamych
2026-10-06T00:20:56.925Z ERROR ebpf: tabulka memslotov nie je platna
2026-10-06T00:20:56.925Z ERROR read_pa(0x0, 655360) zlyhalo
2026-10-06T00:21:01.902Z ERROR ebpf: domena 'hyptcn-guest' (pid 2425299): proces uz nezije
2026-10-06T00:21:01.919Z ERROR ebpf: na tomto stroji nebezi ziadna KVM domena (ziadny proces nema otvoreny /dev/kvm)
2026-10-06T00:21:01.919Z WARN  backend nevedel pripravit novy cyklus - data mozu byt zastarale
2026-10-06T00:21:01.919Z ERROR ebpf: domena 'hyptcn-guest' (pid 2425299): proces uz nezije
2026-10-06T00:21:01.919Z WARN  parametre VM sa nedali overit - zbieram podla poslednych znamych
2026-10-06T00:21:01.920Z ERROR ebpf: tabulka memslotov nie je platna
2026-10-06T00:21:01.920Z ERROR read_pa(0x0, 655360) zlyhalo
2026-10-06T00:21:06.902Z ERROR ebpf: domena 'hyptcn-guest' (pid 2425299): proces uz nezije
2026-10-06T00:21:06.920Z ERROR ebpf: na tomto stroji nebezi ziadna KVM domena (ziadny proces nema otvoreny /dev/kvm)
2026-10-06T00:21:06.920Z WARN  backend nevedel pripravit novy cyklus - data mozu byt zastarale
2026-10-06T00:21:06.920Z ERROR ebpf: domena 'hyptcn-guest' (pid 2425299): proces uz nezije
2026-10-06T00:21:06.920Z WARN  parametre VM sa nedali overit - zbieram podla poslednych znamych
2026-10-06T00:21:06.920Z ERROR ebpf: tabulka memslotov nie je platna
2026-10-06T00:21:06.921Z ERROR read_pa(0x0, 655360) zlyhalo
2026-10-06T00:21:11.902Z ERROR ebpf: domena 'hyptcn-guest' (pid 2425299): proces uz nezije
2026-10-06T00:21:11.916Z ERROR ebpf: na tomto stroji nebezi ziadna KVM domena (ziadny proces nema otvoreny /dev/kvm)
2026-10-06T00:21:11.916Z WARN  backend nevedel pripravit novy cyklus - data mozu byt zastarale
2026-10-06T00:21:11.916Z ERROR ebpf: domena 'hyptcn-guest' (pid 2425299): proces uz nezije
2026-10-06T00:21:11.916Z WARN  parametre VM sa nedali overit - zbieram podla poslednych znamych
2026-10-06T00:21:11.917Z ERROR ebpf: tabulka memslotov nie je platna
2026-10-06T00:21:11.917Z ERROR read_pa(0x0, 655360) zlyhalo
2026-10-06T00:21:16.902Z ERROR ebpf: domena 'hyptcn-guest' (pid 2425299): proces uz nezije
2026-10-06T00:21:16.917Z ERROR ebpf: na tomto stroji nebezi ziadna KVM domena (ziadny proces nema otvoreny /dev/kvm)
2026-10-06T00:21:16.917Z WARN  backend nevedel pripravit novy cyklus - data mozu byt zastarale
2026-10-06T00:21:16.917Z ERROR ebpf: domena 'hyptcn-guest' (pid 2425299): proces uz nezije
2026-10-06T00:21:16.917Z WARN  parametre VM sa nedali overit - zbieram podla poslednych znamych
2026-10-06T00:21:16.918Z ERROR ebpf: tabulka memslotov nie je platna
2026-10-06T00:21:16.918Z ERROR read_pa(0x0, 655360) zlyhalo
2026-10-06T00:21:21.902Z ERROR ebpf: domena 'hyptcn-guest' (pid 2425299): proces uz nezije
2026-10-06T00:21:21.917Z ERROR ebpf: na tomto stroji nebezi ziadna KVM domena (ziadny proces nema otvoreny /dev/kvm)
2026-10-06T00:21:21.917Z WARN  backend nevedel pripravit novy cyklus - data mozu byt zastarale
2026-10-06T00:21:21.918Z ERROR ebpf: domena 'hyptcn-guest' (pid 2425299): proces uz nezije
2026-10-06T00:21:21.918Z WARN  parametre VM sa nedali overit - zbieram podla poslednych znamych
2026-10-06T00:21:21.918Z ERROR ebpf: tabulka memslotov nie je platna
2026-10-06T00:21:21.918Z ERROR read_pa(0x0, 655360) zlyhalo
2026-10-06T00:21:26.902Z ERROR ebpf: domena 'hyptcn-guest' (pid 2425299): proces uz nezije
2026-10-06T00:21:26.919Z ERROR ebpf: na tomto stroji nebezi ziadna KVM domena (ziadny proces nema otvoreny /dev/kvm)
2026-10-06T00:21:26.923Z WARN  backend nevedel pripravit novy cyklus - data mozu byt zastarale
2026-10-06T00:21:26.923Z ERROR ebpf: domena 'hyptcn-guest' (pid 2425299): proces uz nezije
2026-10-06T00:21:26.923Z WARN  parametre VM sa nedali overit - zbieram podla poslednych znamych
2026-10-06T00:21:26.924Z ERROR ebpf: tabulka memslotov nie je platna
2026-10-06T00:21:26.924Z ERROR read_pa(0x0, 655360) zlyhalo
2026-10-06T00:21:31.902Z ERROR ebpf: domena 'hyptcn-guest' (pid 2425299): proces uz nezije
2026-10-06T00:21:31.919Z ERROR ebpf: na tomto stroji nebezi ziadna KVM domena (ziadny proces nema otvoreny /dev/kvm)
2026-10-06T00:21:31.919Z WARN  backend nevedel pripravit novy cyklus - data mozu byt zastarale
2026-10-06T00:21:31.919Z ERROR ebpf: domena 'hyptcn-guest' (pid 2425299): proces uz nezije
2026-10-06T00:21:31.919Z WARN  parametre VM sa nedali overit - zbieram podla poslednych znamych
2026-10-06T00:21:31.920Z ERROR ebpf: tabulka memslotov nie je platna
2026-10-06T00:21:31.920Z ERROR read_pa(0x0, 655360) zlyhalo
2026-10-06T00:21:36.902Z ERROR ebpf: domena 'hyptcn-guest' (pid 2425299): proces uz nezije
2026-10-06T00:21:36.918Z ERROR ebpf: na tomto stroji nebezi ziadna KVM domena (ziadny proces nema otvoreny /dev/kvm)
2026-10-06T00:21:36.918Z WARN  backend nevedel pripravit novy cyklus - data mozu byt zastarale
2026-10-06T00:21:36.918Z ERROR ebpf: domena 'hyptcn-guest' (pid 2425299): proces uz nezije
2026-10-06T00:21:36.918Z WARN  parametre VM sa nedali overit - zbieram podla poslednych znamych
2026-10-06T00:21:36.918Z ERROR ebpf: tabulka memslotov nie je platna
2026-10-06T00:21:36.918Z ERROR read_pa(0x0, 655360) zlyhalo
2026-10-06T00:21:41.902Z ERROR ebpf: domena 'hyptcn-guest' (pid 2425299): proces uz nezije
2026-10-06T00:21:41.918Z ERROR ebpf: na tomto stroji nebezi ziadna KVM domena (ziadny proces nema otvoreny /dev/kvm)
2026-10-06T00:21:41.918Z WARN  backend nevedel pripravit novy cyklus - data mozu byt zastarale
2026-10-06T00:21:41.918Z ERROR ebpf: domena 'hyptcn-guest' (pid 2425299): proces uz nezije
2026-10-06T00:21:41.918Z WARN  parametre VM sa nedali overit - zbieram podla poslednych znamych
2026-10-06T00:21:41.919Z ERROR ebpf: tabulka memslotov nie je platna
2026-10-06T00:21:41.919Z ERROR read_pa(0x0, 655360) zlyhalo
2026-10-06T00:21:46.902Z ERROR ebpf: domena 'hyptcn-guest' (pid 2425299): proces uz nezije
2026-10-06T00:21:46.928Z ERROR ebpf: na tomto stroji nebezi ziadna KVM domena (ziadny proces nema otvoreny /dev/kvm)
2026-10-06T00:21:46.928Z WARN  backend nevedel pripravit novy cyklus - data mozu byt zastarale
2026-10-06T00:21:46.928Z ERROR ebpf: domena 'hyptcn-guest' (pid 2425299): proces uz nezije
2026-10-06T00:21:46.928Z WARN  parametre VM sa nedali overit - zbieram podla poslednych znamych
2026-10-06T00:21:46.929Z ERROR ebpf: tabulka memslotov nie je platna
2026-10-06T00:21:46.929Z ERROR read_pa(0x0, 655360) zlyhalo
2026-10-06T00:21:51.902Z ERROR ebpf: domena 'hyptcn-guest' (pid 2425299): proces uz nezije
2026-10-06T00:21:51.915Z ERROR ebpf: na tomto stroji nebezi ziadna KVM domena (ziadny proces nema otvoreny /dev/kvm)
2026-10-06T00:21:51.915Z WARN  backend nevedel pripravit novy cyklus - data mozu byt zastarale
2026-10-06T00:21:51.915Z ERROR ebpf: domena 'hyptcn-guest' (pid 2425299): proces uz nezije
2026-10-06T00:21:51.915Z WARN  parametre VM sa nedali overit - zbieram podla poslednych znamych
2026-10-06T00:21:51.916Z ERROR ebpf: tabulka memslotov nie je platna
2026-10-06T00:21:51.916Z ERROR read_pa(0x0, 655360) zlyhalo
2026-10-06T00:21:56.902Z ERROR ebpf: domena 'hyptcn-guest' (pid 2425299): proces uz nezije
2026-10-06T00:21:56.917Z ERROR ebpf: na tomto stroji nebezi ziadna KVM domena (ziadny proces nema otvoreny /dev/kvm)
2026-10-06T00:21:56.917Z WARN  backend nevedel pripravit novy cyklus - data mozu byt zastarale
2026-10-06T00:21:56.917Z ERROR ebpf: domena 'hyptcn-guest' (pid 2425299): proces uz nezije
2026-10-06T00:21:56.917Z WARN  parametre VM sa nedali overit - zbieram podla poslednych znamych
2026-10-06T00:21:56.918Z ERROR ebpf: tabulka memslotov nie je platna
2026-10-06T00:21:56.918Z ERROR read_pa(0x0, 655360) zlyhalo
2026-10-06T00:22:01.902Z ERROR ebpf: domena 'hyptcn-guest' (pid 2425299): proces uz nezije
2026-10-06T00:22:01.918Z ERROR ebpf: na tomto stroji nebezi ziadna KVM domena (ziadny proces nema otvoreny /dev/kvm)
2026-10-06T00:22:01.918Z WARN  backend nevedel pripravit novy cyklus - data mozu byt zastarale
2026-10-06T00:22:01.918Z ERROR ebpf: domena 'hyptcn-guest' (pid 2425299): proces uz nezije
2026-10-06T00:22:01.918Z WARN  parametre VM sa nedali overit - zbieram podla poslednych znamych
2026-10-06T00:22:01.919Z ERROR ebpf: tabulka memslotov nie je platna
2026-10-06T00:22:01.919Z ERROR read_pa(0x0, 655360) zlyhalo
2026-10-06T00:22:06.902Z ERROR ebpf: domena 'hyptcn-guest' (pid 2425299): proces uz nezije
2026-10-06T00:22:06.917Z ERROR ebpf: na tomto stroji nebezi ziadna KVM domena (ziadny proces nema otvoreny /dev/kvm)
2026-10-06T00:22:06.917Z WARN  backend nevedel pripravit novy cyklus - data mozu byt zastarale
2026-10-06T00:22:06.917Z ERROR ebpf: domena 'hyptcn-guest' (pid 2425299): proces uz nezije
2026-10-06T00:22:06.917Z WARN  parametre VM sa nedali overit - zbieram podla poslednych znamych
2026-10-06T00:22:06.918Z ERROR ebpf: tabulka memslotov nie je platna
2026-10-06T00:22:06.918Z ERROR read_pa(0x0, 655360) zlyhalo
2026-10-06T00:22:11.902Z ERROR ebpf: domena 'hyptcn-guest' (pid 2425299): proces uz nezije
2026-10-06T00:22:11.931Z ERROR ebpf: na tomto stroji nebezi ziadna KVM domena (ziadny proces nema otvoreny /dev/kvm)
2026-10-06T00:22:11.931Z WARN  backend nevedel pripravit novy cyklus - data mozu byt zastarale
2026-10-06T00:22:11.931Z ERROR ebpf: domena 'hyptcn-guest' (pid 2425299): proces uz nezije
2026-10-06T00:22:11.931Z WARN  parametre VM sa nedali overit - zbieram podla poslednych znamych
2026-10-06T00:22:11.932Z ERROR ebpf: tabulka memslotov nie je platna
2026-10-06T00:22:11.932Z ERROR read_pa(0x0, 655360) zlyhalo
2026-10-06T00:22:16.902Z ERROR ebpf: domena 'hyptcn-guest' (pid 2425299): proces uz nezije
2026-10-06T00:22:16.917Z ERROR ebpf: na tomto stroji nebezi ziadna KVM domena (ziadny proces nema otvoreny /dev/kvm)
2026-10-06T00:22:16.917Z WARN  backend nevedel pripravit novy cyklus - data mozu byt zastarale
2026-10-06T00:22:16.917Z ERROR ebpf: domena 'hyptcn-guest' (pid 2425299): proces uz nezije
2026-10-06T00:22:16.917Z WARN  parametre VM sa nedali overit - zbieram podla poslednych znamych
2026-10-06T00:22:16.918Z ERROR ebpf: tabulka memslotov nie je platna
2026-10-06T00:22:16.918Z ERROR read_pa(0x0, 655360) zlyhalo
2026-10-06T00:22:21.902Z ERROR ebpf: domena 'hyptcn-guest' (pid 2425299): proces uz nezije
2026-10-06T00:22:21.919Z ERROR ebpf: na tomto stroji nebezi ziadna KVM domena (ziadny proces nema otvoreny /dev/kvm)
2026-10-06T00:22:21.919Z WARN  backend nevedel pripravit novy cyklus - data mozu byt zastarale
2026-10-06T00:22:21.919Z ERROR ebpf: domena 'hyptcn-guest' (pid 2425299): proces uz nezije
2026-10-06T00:22:21.919Z WARN  parametre VM sa nedali overit - zbieram podla poslednych znamych
2026-10-06T00:22:21.920Z ERROR ebpf: tabulka memslotov nie je platna
2026-10-06T00:22:21.920Z ERROR read_pa(0x0, 655360) zlyhalo
2026-10-06T00:22:26.902Z ERROR ebpf: domena 'hyptcn-guest' (pid 2425299): proces uz nezije
2026-10-06T00:22:26.923Z ERROR ebpf: na tomto stroji nebezi ziadna KVM domena (ziadny proces nema otvoreny /dev/kvm)
2026-10-06T00:22:26.923Z WARN  backend nevedel pripravit novy cyklus - data mozu byt zastarale
2026-10-06T00:22:26.923Z ERROR ebpf: domena 'hyptcn-guest' (pid 2425299): proces uz nezije
2026-10-06T00:22:26.923Z WARN  parametre VM sa nedali overit - zbieram podla poslednych znamych
2026-10-06T00:22:26.923Z ERROR ebpf: tabulka memslotov nie je platna
2026-10-06T00:22:26.923Z ERROR read_pa(0x0, 655360) zlyhalo
2026-10-06T00:22:31.902Z ERROR ebpf: domena 'hyptcn-guest' (pid 2425299): proces uz nezije
2026-10-06T00:22:31.921Z ERROR ebpf: na tomto stroji nebezi ziadna KVM domena (ziadny proces nema otvoreny /dev/kvm)
2026-10-06T00:22:31.921Z WARN  backend nevedel pripravit novy cyklus - data mozu byt zastarale
2026-10-06T00:22:31.921Z ERROR ebpf: domena 'hyptcn-guest' (pid 2425299): proces uz nezije
2026-10-06T00:22:31.921Z WARN  parametre VM sa nedali overit - zbieram podla poslednych znamych
2026-10-06T00:22:31.922Z ERROR ebpf: tabulka memslotov nie je platna
2026-10-06T00:22:31.922Z ERROR read_pa(0x0, 655360) zlyhalo
2026-10-06T00:22:36.902Z ERROR ebpf: domena 'hyptcn-guest' (pid 2425299): proces uz nezije
2026-10-06T00:22:36.923Z ERROR ebpf: na tomto stroji nebezi ziadna KVM domena (ziadny proces nema otvoreny /dev/kvm)
2026-10-06T00:22:36.923Z WARN  backend nevedel pripravit novy cyklus - data mozu byt zastarale
2026-10-06T00:22:36.923Z ERROR ebpf: domena 'hyptcn-guest' (pid 2425299): proces uz nezije
2026-10-06T00:22:36.923Z WARN  parametre VM sa nedali overit - zbieram podla poslednych znamych
2026-10-06T00:22:36.924Z ERROR ebpf: tabulka memslotov nie je platna
2026-10-06T00:22:36.924Z ERROR read_pa(0x0, 655360) zlyhalo
2026-10-06T00:22:41.902Z ERROR ebpf: domena 'hyptcn-guest' (pid 2425299): proces uz nezije
2026-10-06T00:22:41.918Z ERROR ebpf: na tomto stroji nebezi ziadna KVM domena (ziadny proces nema otvoreny /dev/kvm)
2026-10-06T00:22:41.918Z WARN  backend nevedel pripravit novy cyklus - data mozu byt zastarale
2026-10-06T00:22:41.918Z ERROR ebpf: domena 'hyptcn-guest' (pid 2425299): proces uz nezije
2026-10-06T00:22:41.918Z WARN  parametre VM sa nedali overit - zbieram podla poslednych znamych
2026-10-06T00:22:41.919Z ERROR ebpf: tabulka memslotov nie je platna
2026-10-06T00:22:41.919Z ERROR read_pa(0x0, 655360) zlyhalo
2026-10-06T00:22:46.902Z ERROR ebpf: domena 'hyptcn-guest' (pid 2425299): proces uz nezije
2026-10-06T00:22:46.917Z ERROR ebpf: na tomto stroji nebezi ziadna KVM domena (ziadny proces nema otvoreny /dev/kvm)
2026-10-06T00:22:46.917Z WARN  backend nevedel pripravit novy cyklus - data mozu byt zastarale
2026-10-06T00:22:46.917Z ERROR ebpf: domena 'hyptcn-guest' (pid 2425299): proces uz nezije
2026-10-06T00:22:46.917Z WARN  parametre VM sa nedali overit - zbieram podla poslednych znamych
2026-10-06T00:22:46.918Z ERROR ebpf: tabulka memslotov nie je platna
2026-10-06T00:22:46.918Z ERROR read_pa(0x0, 655360) zlyhalo
2026-10-06T00:22:51.902Z ERROR ebpf: domena 'hyptcn-guest' (pid 2425299): proces uz nezije
2026-10-06T00:22:51.918Z ERROR ebpf: na tomto stroji nebezi ziadna KVM domena (ziadny proces nema otvoreny /dev/kvm)
2026-10-06T00:22:51.918Z WARN  backend nevedel pripravit novy cyklus - data mozu byt zastarale
2026-10-06T00:22:51.918Z ERROR ebpf: domena 'hyptcn-guest' (pid 2425299): proces uz nezije
2026-10-06T00:22:51.918Z WARN  parametre VM sa nedali overit - zbieram podla poslednych znamych
2026-10-06T00:22:51.918Z ERROR ebpf: tabulka memslotov nie je platna
2026-10-06T00:22:51.918Z ERROR read_pa(0x0, 655360) zlyhalo
2026-10-06T00:22:56.902Z ERROR ebpf: domena 'hyptcn-guest' (pid 2425299): proces uz nezije
2026-10-06T00:22:56.923Z ERROR ebpf: na tomto stroji nebezi ziadna KVM domena (ziadny proces nema otvoreny /dev/kvm)
2026-10-06T00:22:56.923Z WARN  backend nevedel pripravit novy cyklus - data mozu byt zastarale
2026-10-06T00:22:56.923Z ERROR ebpf: domena 'hyptcn-guest' (pid 2425299): proces uz nezije
2026-10-06T00:22:56.923Z WARN  parametre VM sa nedali overit - zbieram podla poslednych znamych
2026-10-06T00:22:56.923Z ERROR ebpf: tabulka memslotov nie je platna
2026-10-06T00:22:56.923Z ERROR read_pa(0x0, 655360) zlyhalo
2026-10-06T00:23:01.902Z ERROR ebpf: domena 'hyptcn-guest' (pid 2425299): proces uz nezije
2026-10-06T00:23:01.921Z ERROR ebpf: na tomto stroji nebezi ziadna KVM domena (ziadny proces nema otvoreny /dev/kvm)
2026-10-06T00:23:01.921Z WARN  backend nevedel pripravit novy cyklus - data mozu byt zastarale
2026-10-06T00:23:01.921Z ERROR ebpf: domena 'hyptcn-guest' (pid 2425299): proces uz nezije
2026-10-06T00:23:01.922Z WARN  parametre VM sa nedali overit - zbieram podla poslednych znamych
2026-10-06T00:23:01.922Z ERROR ebpf: tabulka memslotov nie je platna
2026-10-06T00:23:01.922Z ERROR read_pa(0x0, 655360) zlyhalo
2026-10-06T00:23:06.902Z ERROR ebpf: domena 'hyptcn-guest' (pid 2425299): proces uz nezije
2026-10-06T00:23:06.920Z ERROR ebpf: na tomto stroji nebezi ziadna KVM domena (ziadny proces nema otvoreny /dev/kvm)
2026-10-06T00:23:06.920Z WARN  backend nevedel pripravit novy cyklus - data mozu byt zastarale
2026-10-06T00:23:06.920Z ERROR ebpf: domena 'hyptcn-guest' (pid 2425299): proces uz nezije
2026-10-06T00:23:06.920Z WARN  parametre VM sa nedali overit - zbieram podla poslednych znamych
2026-10-06T00:23:06.921Z ERROR ebpf: tabulka memslotov nie je platna
2026-10-06T00:23:06.921Z ERROR read_pa(0x0, 655360) zlyhalo
2026-10-06T00:23:11.902Z ERROR ebpf: domena 'hyptcn-guest' (pid 2425299): proces uz nezije
2026-10-06T00:23:11.918Z ERROR ebpf: na tomto stroji nebezi ziadna KVM domena (ziadny proces nema otvoreny /dev/kvm)
2026-10-06T00:23:11.918Z WARN  backend nevedel pripravit novy cyklus - data mozu byt zastarale
2026-10-06T00:23:11.918Z ERROR ebpf: domena 'hyptcn-guest' (pid 2425299): proces uz nezije
2026-10-06T00:23:11.918Z WARN  parametre VM sa nedali overit - zbieram podla poslednych znamych
2026-10-06T00:23:11.919Z ERROR ebpf: tabulka memslotov nie je platna
2026-10-06T00:23:11.919Z ERROR read_pa(0x0, 655360) zlyhalo
2026-10-06T00:23:16.902Z ERROR ebpf: domena 'hyptcn-guest' (pid 2425299): proces uz nezije
2026-10-06T00:23:16.922Z ERROR ebpf: na tomto stroji nebezi ziadna KVM domena (ziadny proces nema otvoreny /dev/kvm)
2026-10-06T00:23:16.922Z WARN  backend nevedel pripravit novy cyklus - data mozu byt zastarale
2026-10-06T00:23:16.922Z ERROR ebpf: domena 'hyptcn-guest' (pid 2425299): proces uz nezije
2026-10-06T00:23:16.922Z WARN  parametre VM sa nedali overit - zbieram podla poslednych znamych
2026-10-06T00:23:16.923Z ERROR ebpf: tabulka memslotov nie je platna
2026-10-06T00:23:16.923Z ERROR read_pa(0x0, 655360) zlyhalo
2026-10-06T00:23:21.902Z ERROR ebpf: domena 'hyptcn-guest' (pid 2425299): proces uz nezije
2026-10-06T00:23:21.918Z ERROR ebpf: na tomto stroji nebezi ziadna KVM domena (ziadny proces nema otvoreny /dev/kvm)
2026-10-06T00:23:21.918Z WARN  backend nevedel pripravit novy cyklus - data mozu byt zastarale
2026-10-06T00:23:21.918Z ERROR ebpf: domena 'hyptcn-guest' (pid 2425299): proces uz nezije
2026-10-06T00:23:21.918Z WARN  parametre VM sa nedali overit - zbieram podla poslednych znamych
2026-10-06T00:23:21.919Z ERROR ebpf: tabulka memslotov nie je platna
2026-10-06T00:23:21.919Z ERROR read_pa(0x0, 655360) zlyhalo
2026-10-06T00:23:26.902Z ERROR ebpf: domena 'hyptcn-guest' (pid 2425299): proces uz nezije
2026-10-06T00:23:26.921Z ERROR ebpf: na tomto stroji nebezi ziadna KVM domena (ziadny proces nema otvoreny /dev/kvm)
2026-10-06T00:23:26.921Z WARN  backend nevedel pripravit novy cyklus - data mozu byt zastarale
2026-10-06T00:23:26.921Z ERROR ebpf: domena 'hyptcn-guest' (pid 2425299): proces uz nezije
2026-10-06T00:23:26.921Z WARN  parametre VM sa nedali overit - zbieram podla poslednych znamych
2026-10-06T00:23:26.922Z ERROR ebpf: tabulka memslotov nie je platna
2026-10-06T00:23:26.922Z ERROR read_pa(0x0, 655360) zlyhalo
2026-10-06T00:23:31.902Z ERROR ebpf: domena 'hyptcn-guest' (pid 2425299): proces uz nezije
2026-10-06T00:23:31.918Z ERROR ebpf: na tomto stroji nebezi ziadna KVM domena (ziadny proces nema otvoreny /dev/kvm)
2026-10-06T00:23:31.918Z WARN  backend nevedel pripravit novy cyklus - data mozu byt zastarale
2026-10-06T00:23:31.918Z ERROR ebpf: domena 'hyptcn-guest' (pid 2425299): proces uz nezije
2026-10-06T00:23:31.918Z WARN  parametre VM sa nedali overit - zbieram podla poslednych znamych
2026-10-06T00:23:31.918Z ERROR ebpf: tabulka memslotov nie je platna
2026-10-06T00:23:31.918Z ERROR read_pa(0x0, 655360) zlyhalo
2026-10-06T00:23:36.902Z ERROR ebpf: domena 'hyptcn-guest' (pid 2425299): proces uz nezije
2026-10-06T00:23:36.917Z ERROR ebpf: na tomto stroji nebezi ziadna KVM domena (ziadny proces nema otvoreny /dev/kvm)
2026-10-06T00:23:36.917Z WARN  backend nevedel pripravit novy cyklus - data mozu byt zastarale
2026-10-06T00:23:36.917Z ERROR ebpf: domena 'hyptcn-guest' (pid 2425299): proces uz nezije
2026-10-06T00:23:36.917Z WARN  parametre VM sa nedali overit - zbieram podla poslednych znamych
2026-10-06T00:23:36.918Z ERROR ebpf: tabulka memslotov nie je platna
2026-10-06T00:23:36.918Z ERROR read_pa(0x0, 655360) zlyhalo
2026-10-06T00:23:41.902Z ERROR ebpf: domena 'hyptcn-guest' (pid 2425299): proces uz nezije
2026-10-06T00:23:41.917Z ERROR ebpf: na tomto stroji nebezi ziadna KVM domena (ziadny proces nema otvoreny /dev/kvm)
2026-10-06T00:23:41.917Z WARN  backend nevedel pripravit novy cyklus - data mozu byt zastarale
2026-10-06T00:23:41.917Z ERROR ebpf: domena 'hyptcn-guest' (pid 2425299): proces uz nezije
2026-10-06T00:23:41.917Z WARN  parametre VM sa nedali overit - zbieram podla poslednych znamych
2026-10-06T00:23:41.918Z ERROR ebpf: tabulka memslotov nie je platna
2026-10-06T00:23:41.918Z ERROR read_pa(0x0, 655360) zlyhalo
2026-10-06T00:23:46.902Z ERROR ebpf: domena 'hyptcn-guest' (pid 2425299): proces uz nezije
2026-10-06T00:23:46.918Z ERROR ebpf: na tomto stroji nebezi ziadna KVM domena (ziadny proces nema otvoreny /dev/kvm)
2026-10-06T00:23:46.918Z WARN  backend nevedel pripravit novy cyklus - data mozu byt zastarale
2026-10-06T00:23:46.918Z ERROR ebpf: domena 'hyptcn-guest' (pid 2425299): proces uz nezije
2026-10-06T00:23:46.918Z WARN  parametre VM sa nedali overit - zbieram podla poslednych znamych
2026-10-06T00:23:46.919Z ERROR ebpf: tabulka memslotov nie je platna
2026-10-06T00:23:46.919Z ERROR read_pa(0x0, 655360) zlyhalo
2026-10-06T00:23:51.902Z ERROR ebpf: domena 'hyptcn-guest' (pid 2425299): proces uz nezije
2026-10-06T00:23:51.917Z ERROR ebpf: na tomto stroji nebezi ziadna KVM domena (ziadny proces nema otvoreny /dev/kvm)
2026-10-06T00:23:51.917Z WARN  backend nevedel pripravit novy cyklus - data mozu byt zastarale
2026-10-06T00:23:51.917Z ERROR ebpf: domena 'hyptcn-guest' (pid 2425299): proces uz nezije
2026-10-06T00:23:51.917Z WARN  parametre VM sa nedali overit - zbieram podla poslednych znamych
2026-10-06T00:23:51.918Z ERROR ebpf: tabulka memslotov nie je platna
2026-10-06T00:23:51.918Z ERROR read_pa(0x0, 655360) zlyhalo
2026-10-06T00:23:56.902Z ERROR ebpf: domena 'hyptcn-guest' (pid 2425299): proces uz nezije
2026-10-06T00:23:56.920Z ERROR ebpf: na tomto stroji nebezi ziadna KVM domena (ziadny proces nema otvoreny /dev/kvm)
2026-10-06T00:23:56.920Z WARN  backend nevedel pripravit novy cyklus - data mozu byt zastarale
2026-10-06T00:23:56.920Z ERROR ebpf: domena 'hyptcn-guest' (pid 2425299): proces uz nezije
2026-10-06T00:23:56.920Z WARN  parametre VM sa nedali overit - zbieram podla poslednych znamych
2026-10-06T00:23:56.921Z ERROR ebpf: tabulka memslotov nie je platna
2026-10-06T00:23:56.921Z ERROR read_pa(0x0, 655360) zlyhalo
2026-10-06T00:24:01.902Z ERROR ebpf: domena 'hyptcn-guest' (pid 2425299): proces uz nezije
2026-10-06T00:24:01.917Z ERROR ebpf: na tomto stroji nebezi ziadna KVM domena (ziadny proces nema otvoreny /dev/kvm)
2026-10-06T00:24:01.917Z WARN  backend nevedel pripravit novy cyklus - data mozu byt zastarale
2026-10-06T00:24:01.917Z ERROR ebpf: domena 'hyptcn-guest' (pid 2425299): proces uz nezije
2026-10-06T00:24:01.917Z WARN  parametre VM sa nedali overit - zbieram podla poslednych znamych
2026-10-06T00:24:01.918Z ERROR ebpf: tabulka memslotov nie je platna
2026-10-06T00:24:01.918Z ERROR read_pa(0x0, 655360) zlyhalo
2026-10-06T00:24:06.902Z ERROR ebpf: domena 'hyptcn-guest' (pid 2425299): proces uz nezije
2026-10-06T00:24:06.919Z ERROR ebpf: na tomto stroji nebezi ziadna KVM domena (ziadny proces nema otvoreny /dev/kvm)
2026-10-06T00:24:06.919Z WARN  backend nevedel pripravit novy cyklus - data mozu byt zastarale
2026-10-06T00:24:06.919Z ERROR ebpf: domena 'hyptcn-guest' (pid 2425299): proces uz nezije
2026-10-06T00:24:06.919Z WARN  parametre VM sa nedali overit - zbieram podla poslednych znamych
2026-10-06T00:24:06.920Z ERROR ebpf: tabulka memslotov nie je platna
2026-10-06T00:24:06.920Z ERROR read_pa(0x0, 655360) zlyhalo
2026-10-06T00:24:11.902Z ERROR ebpf: domena 'hyptcn-guest' (pid 2425299): proces uz nezije
2026-10-06T00:24:11.919Z ERROR ebpf: na tomto stroji nebezi ziadna KVM domena (ziadny proces nema otvoreny /dev/kvm)
2026-10-06T00:24:11.919Z WARN  backend nevedel pripravit novy cyklus - data mozu byt zastarale
2026-10-06T00:24:11.919Z ERROR ebpf: domena 'hyptcn-guest' (pid 2425299): proces uz nezije
2026-10-06T00:24:11.919Z WARN  parametre VM sa nedali overit - zbieram podla poslednych znamych
2026-10-06T00:24:11.920Z ERROR ebpf: tabulka memslotov nie je platna
2026-10-06T00:24:11.920Z ERROR read_pa(0x0, 655360) zlyhalo
2026-10-06T00:24:16.902Z ERROR ebpf: domena 'hyptcn-guest' (pid 2425299): proces uz nezije
2026-10-06T00:24:16.916Z ERROR ebpf: na tomto stroji nebezi ziadna KVM domena (ziadny proces nema otvoreny /dev/kvm)
2026-10-06T00:24:16.916Z WARN  backend nevedel pripravit novy cyklus - data mozu byt zastarale
2026-10-06T00:24:16.916Z ERROR ebpf: domena 'hyptcn-guest' (pid 2425299): proces uz nezije
2026-10-06T00:24:16.916Z WARN  parametre VM sa nedali overit - zbieram podla poslednych znamych
2026-10-06T00:24:16.917Z ERROR ebpf: tabulka memslotov nie je platna
2026-10-06T00:24:16.917Z ERROR read_pa(0x0, 655360) zlyhalo
2026-10-06T00:24:21.902Z ERROR ebpf: domena 'hyptcn-guest' (pid 2425299): proces uz nezije
2026-10-06T00:24:21.920Z ERROR ebpf: na tomto stroji nebezi ziadna KVM domena (ziadny proces nema otvoreny /dev/kvm)
2026-10-06T00:24:21.920Z WARN  backend nevedel pripravit novy cyklus - data mozu byt zastarale
2026-10-06T00:24:21.920Z ERROR ebpf: domena 'hyptcn-guest' (pid 2425299): proces uz nezije
2026-10-06T00:24:21.920Z WARN  parametre VM sa nedali overit - zbieram podla poslednych znamych
2026-10-06T00:24:21.920Z ERROR ebpf: tabulka memslotov nie je platna
2026-10-06T00:24:21.920Z ERROR read_pa(0x0, 655360) zlyhalo
2026-10-06T00:24:26.902Z ERROR ebpf: domena 'hyptcn-guest' (pid 2425299): proces uz nezije
2026-10-06T00:24:26.921Z ERROR ebpf: na tomto stroji nebezi ziadna KVM domena (ziadny proces nema otvoreny /dev/kvm)
2026-10-06T00:24:26.921Z WARN  backend nevedel pripravit novy cyklus - data mozu byt zastarale
2026-10-06T00:24:26.921Z ERROR ebpf: domena 'hyptcn-guest' (pid 2425299): proces uz nezije
2026-10-06T00:24:26.921Z WARN  parametre VM sa nedali overit - zbieram podla poslednych znamych
2026-10-06T00:24:26.922Z ERROR ebpf: tabulka memslotov nie je platna
2026-10-06T00:24:26.922Z ERROR read_pa(0x0, 655360) zlyhalo
2026-10-06T00:24:31.902Z ERROR ebpf: domena 'hyptcn-guest' (pid 2425299): proces uz nezije
2026-10-06T00:24:31.919Z ERROR ebpf: na tomto stroji nebezi ziadna KVM domena (ziadny proces nema otvoreny /dev/kvm)
2026-10-06T00:24:31.919Z WARN  backend nevedel pripravit novy cyklus - data mozu byt zastarale
2026-10-06T00:24:31.919Z ERROR ebpf: domena 'hyptcn-guest' (pid 2425299): proces uz nezije
2026-10-06T00:24:31.919Z WARN  parametre VM sa nedali overit - zbieram podla poslednych znamych
2026-10-06T00:24:31.919Z ERROR ebpf: tabulka memslotov nie je platna
2026-10-06T00:24:31.919Z ERROR read_pa(0x0, 655360) zlyhalo
2026-10-06T00:24:36.902Z ERROR ebpf: domena 'hyptcn-guest' (pid 2425299): proces uz nezije
2026-10-06T00:24:36.917Z ERROR ebpf: na tomto stroji nebezi ziadna KVM domena (ziadny proces nema otvoreny /dev/kvm)
2026-10-06T00:24:36.917Z WARN  backend nevedel pripravit novy cyklus - data mozu byt zastarale
2026-10-06T00:24:36.917Z ERROR ebpf: domena 'hyptcn-guest' (pid 2425299): proces uz nezije
2026-10-06T00:24:36.917Z WARN  parametre VM sa nedali overit - zbieram podla poslednych znamych
2026-10-06T00:24:36.918Z ERROR ebpf: tabulka memslotov nie je platna
2026-10-06T00:24:36.918Z ERROR read_pa(0x0, 655360) zlyhalo
2026-10-06T00:24:41.902Z ERROR ebpf: domena 'hyptcn-guest' (pid 2425299): proces uz nezije
2026-10-06T00:24:41.918Z ERROR ebpf: na tomto stroji nebezi ziadna KVM domena (ziadny proces nema otvoreny /dev/kvm)
2026-10-06T00:24:41.918Z WARN  backend nevedel pripravit novy cyklus - data mozu byt zastarale
2026-10-06T00:24:41.918Z ERROR ebpf: domena 'hyptcn-guest' (pid 2425299): proces uz nezije
2026-10-06T00:24:41.918Z WARN  parametre VM sa nedali overit - zbieram podla poslednych znamych
2026-10-06T00:24:41.919Z ERROR ebpf: tabulka memslotov nie je platna
2026-10-06T00:24:41.919Z ERROR read_pa(0x0, 655360) zlyhalo
2026-10-06T00:24:46.902Z ERROR ebpf: domena 'hyptcn-guest' (pid 2425299): proces uz nezije
2026-10-06T00:24:46.918Z ERROR ebpf: na tomto stroji nebezi ziadna KVM domena (ziadny proces nema otvoreny /dev/kvm)
2026-10-06T00:24:46.918Z WARN  backend nevedel pripravit novy cyklus - data mozu byt zastarale
2026-10-06T00:24:46.918Z ERROR ebpf: domena 'hyptcn-guest' (pid 2425299): proces uz nezije
2026-10-06T00:24:46.918Z WARN  parametre VM sa nedali overit - zbieram podla poslednych znamych
2026-10-06T00:24:46.919Z ERROR ebpf: tabulka memslotov nie je platna
2026-10-06T00:24:46.919Z ERROR read_pa(0x0, 655360) zlyhalo
2026-10-06T00:24:51.902Z ERROR ebpf: domena 'hyptcn-guest' (pid 2425299): proces uz nezije
2026-10-06T00:24:51.917Z ERROR ebpf: na tomto stroji nebezi ziadna KVM domena (ziadny proces nema otvoreny /dev/kvm)
2026-10-06T00:24:51.918Z WARN  backend nevedel pripravit novy cyklus - data mozu byt zastarale
2026-10-06T00:24:51.918Z ERROR ebpf: domena 'hyptcn-guest' (pid 2425299): proces uz nezije
2026-10-06T00:24:51.918Z WARN  parametre VM sa nedali overit - zbieram podla poslednych znamych
2026-10-06T00:24:51.918Z ERROR ebpf: tabulka memslotov nie je platna
2026-10-06T00:24:51.918Z ERROR read_pa(0x0, 655360) zlyhalo
2026-10-06T00:24:56.902Z ERROR ebpf: domena 'hyptcn-guest' (pid 2425299): proces uz nezije
2026-10-06T00:24:56.920Z ERROR ebpf: na tomto stroji nebezi ziadna KVM domena (ziadny proces nema otvoreny /dev/kvm)
2026-10-06T00:24:56.920Z WARN  backend nevedel pripravit novy cyklus - data mozu byt zastarale
2026-10-06T00:24:56.920Z ERROR ebpf: domena 'hyptcn-guest' (pid 2425299): proces uz nezije
2026-10-06T00:24:56.920Z WARN  parametre VM sa nedali overit - zbieram podla poslednych znamych
2026-10-06T00:24:56.921Z ERROR ebpf: tabulka memslotov nie je platna
2026-10-06T00:24:56.921Z ERROR read_pa(0x0, 655360) zlyhalo
2026-10-06T00:25:01.902Z ERROR ebpf: domena 'hyptcn-guest' (pid 2425299): proces uz nezije
2026-10-06T00:25:01.921Z ERROR ebpf: na tomto stroji nebezi ziadna KVM domena (ziadny proces nema otvoreny /dev/kvm)
2026-10-06T00:25:01.921Z WARN  backend nevedel pripravit novy cyklus - data mozu byt zastarale
2026-10-06T00:25:01.921Z ERROR ebpf: domena 'hyptcn-guest' (pid 2425299): proces uz nezije
2026-10-06T00:25:01.921Z WARN  parametre VM sa nedali overit - zbieram podla poslednych znamych
2026-10-06T00:25:01.922Z ERROR ebpf: tabulka memslotov nie je platna
2026-10-06T00:25:01.922Z ERROR read_pa(0x0, 655360) zlyhalo
2026-10-06T00:25:06.902Z ERROR ebpf: domena 'hyptcn-guest' (pid 2425299): proces uz nezije
2026-10-06T00:25:06.918Z ERROR ebpf: na tomto stroji nebezi ziadna KVM domena (ziadny proces nema otvoreny /dev/kvm)
2026-10-06T00:25:06.918Z WARN  backend nevedel pripravit novy cyklus - data mozu byt zastarale
2026-10-06T00:25:06.918Z ERROR ebpf: domena 'hyptcn-guest' (pid 2425299): proces uz nezije
2026-10-06T00:25:06.918Z WARN  parametre VM sa nedali overit - zbieram podla poslednych znamych
2026-10-06T00:25:06.919Z ERROR ebpf: tabulka memslotov nie je platna
2026-10-06T00:25:06.919Z ERROR read_pa(0x0, 655360) zlyhalo
2026-10-06T00:25:11.902Z ERROR ebpf: domena 'hyptcn-guest' (pid 2425299): proces uz nezije
2026-10-06T00:25:11.918Z ERROR ebpf: na tomto stroji nebezi ziadna KVM domena (ziadny proces nema otvoreny /dev/kvm)
2026-10-06T00:25:11.918Z WARN  backend nevedel pripravit novy cyklus - data mozu byt zastarale
2026-10-06T00:25:11.918Z ERROR ebpf: domena 'hyptcn-guest' (pid 2425299): proces uz nezije
2026-10-06T00:25:11.918Z WARN  parametre VM sa nedali overit - zbieram podla poslednych znamych
2026-10-06T00:25:11.919Z ERROR ebpf: tabulka memslotov nie je platna
2026-10-06T00:25:11.919Z ERROR read_pa(0x0, 655360) zlyhalo
2026-10-06T00:25:16.902Z ERROR ebpf: domena 'hyptcn-guest' (pid 2425299): proces uz nezije
2026-10-06T00:25:16.917Z ERROR ebpf: na tomto stroji nebezi ziadna KVM domena (ziadny proces nema otvoreny /dev/kvm)
2026-10-06T00:25:16.917Z WARN  backend nevedel pripravit novy cyklus - data mozu byt zastarale
2026-10-06T00:25:16.917Z ERROR ebpf: domena 'hyptcn-guest' (pid 2425299): proces uz nezije
2026-10-06T00:25:16.917Z WARN  parametre VM sa nedali overit - zbieram podla poslednych znamych
2026-10-06T00:25:16.917Z ERROR ebpf: tabulka memslotov nie je platna
2026-10-06T00:25:16.917Z ERROR read_pa(0x0, 655360) zlyhalo
2026-10-06T00:25:21.902Z ERROR ebpf: domena 'hyptcn-guest' (pid 2425299): proces uz nezije
2026-10-06T00:25:21.918Z ERROR ebpf: na tomto stroji nebezi ziadna KVM domena (ziadny proces nema otvoreny /dev/kvm)
2026-10-06T00:25:21.918Z WARN  backend nevedel pripravit novy cyklus - data mozu byt zastarale
2026-10-06T00:25:21.918Z ERROR ebpf: domena 'hyptcn-guest' (pid 2425299): proces uz nezije
2026-10-06T00:25:21.918Z WARN  parametre VM sa nedali overit - zbieram podla poslednych znamych
2026-10-06T00:25:21.919Z ERROR ebpf: tabulka memslotov nie je platna
2026-10-06T00:25:21.919Z ERROR read_pa(0x0, 655360) zlyhalo
2026-10-06T00:25:26.902Z ERROR ebpf: domena 'hyptcn-guest' (pid 2425299): proces uz nezije
2026-10-06T00:25:26.916Z ERROR ebpf: na tomto stroji nebezi ziadna KVM domena (ziadny proces nema otvoreny /dev/kvm)
2026-10-06T00:25:26.916Z WARN  backend nevedel pripravit novy cyklus - data mozu byt zastarale
2026-10-06T00:25:26.916Z ERROR ebpf: domena 'hyptcn-guest' (pid 2425299): proces uz nezije
2026-10-06T00:25:26.916Z WARN  parametre VM sa nedali overit - zbieram podla poslednych znamych
2026-10-06T00:25:26.917Z ERROR ebpf: tabulka memslotov nie je platna
2026-10-06T00:25:26.917Z ERROR read_pa(0x0, 655360) zlyhalo
2026-10-06T00:25:31.902Z ERROR ebpf: domena 'hyptcn-guest' (pid 2425299): proces uz nezije
2026-10-06T00:25:31.917Z ERROR ebpf: na tomto stroji nebezi ziadna KVM domena (ziadny proces nema otvoreny /dev/kvm)
2026-10-06T00:25:31.917Z WARN  backend nevedel pripravit novy cyklus - data mozu byt zastarale
2026-10-06T00:25:31.917Z ERROR ebpf: domena 'hyptcn-guest' (pid 2425299): proces uz nezije
2026-10-06T00:25:31.917Z WARN  parametre VM sa nedali overit - zbieram podla poslednych znamych
2026-10-06T00:25:31.918Z ERROR ebpf: tabulka memslotov nie je platna
2026-10-06T00:25:31.918Z ERROR read_pa(0x0, 655360) zlyhalo
2026-10-06T00:25:36.902Z ERROR ebpf: domena 'hyptcn-guest' (pid 2425299): proces uz nezije
2026-10-06T00:25:36.918Z ERROR ebpf: na tomto stroji nebezi ziadna KVM domena (ziadny proces nema otvoreny /dev/kvm)
2026-10-06T00:25:36.918Z WARN  backend nevedel pripravit novy cyklus - data mozu byt zastarale
2026-10-06T00:25:36.918Z ERROR ebpf: domena 'hyptcn-guest' (pid 2425299): proces uz nezije
2026-10-06T00:25:36.918Z WARN  parametre VM sa nedali overit - zbieram podla poslednych znamych
2026-10-06T00:25:36.919Z ERROR ebpf: tabulka memslotov nie je platna
2026-10-06T00:25:36.919Z ERROR read_pa(0x0, 655360) zlyhalo
2026-10-06T00:25:41.902Z ERROR ebpf: domena 'hyptcn-guest' (pid 2425299): proces uz nezije
2026-10-06T00:25:41.925Z ERROR ebpf: na tomto stroji nebezi ziadna KVM domena (ziadny proces nema otvoreny /dev/kvm)
2026-10-06T00:25:41.925Z WARN  backend nevedel pripravit novy cyklus - data mozu byt zastarale
2026-10-06T00:25:41.925Z ERROR ebpf: domena 'hyptcn-guest' (pid 2425299): proces uz nezije
2026-10-06T00:25:41.925Z WARN  parametre VM sa nedali overit - zbieram podla poslednych znamych
2026-10-06T00:25:41.926Z ERROR ebpf: tabulka memslotov nie je platna
2026-10-06T00:25:41.926Z ERROR read_pa(0x0, 655360) zlyhalo
2026-10-06T00:25:46.902Z ERROR ebpf: domena 'hyptcn-guest' (pid 2425299): proces uz nezije
2026-10-06T00:25:46.924Z ERROR ebpf: na tomto stroji nebezi ziadna KVM domena (ziadny proces nema otvoreny /dev/kvm)
2026-10-06T00:25:46.924Z WARN  backend nevedel pripravit novy cyklus - data mozu byt zastarale
2026-10-06T00:25:46.924Z ERROR ebpf: domena 'hyptcn-guest' (pid 2425299): proces uz nezije
2026-10-06T00:25:46.924Z WARN  parametre VM sa nedali overit - zbieram podla poslednych znamych
2026-10-06T00:25:46.925Z ERROR ebpf: tabulka memslotov nie je platna
2026-10-06T00:25:46.925Z ERROR read_pa(0x0, 655360) zlyhalo
2026-10-06T00:25:51.904Z ERROR ebpf: domena 'hyptcn-guest' (pid 2425299): proces uz nezije
2026-10-06T00:25:51.923Z ERROR ebpf: na tomto stroji nebezi ziadna KVM domena (ziadny proces nema otvoreny /dev/kvm)
2026-10-06T00:25:51.923Z WARN  backend nevedel pripravit novy cyklus - data mozu byt zastarale
2026-10-06T00:25:51.923Z ERROR ebpf: domena 'hyptcn-guest' (pid 2425299): proces uz nezije
2026-10-06T00:25:51.923Z WARN  parametre VM sa nedali overit - zbieram podla poslednych znamych
2026-10-06T00:25:51.924Z ERROR ebpf: tabulka memslotov nie je platna
2026-10-06T00:25:51.924Z ERROR read_pa(0x0, 655360) zlyhalo
2026-10-06T00:25:56.902Z ERROR ebpf: domena 'hyptcn-guest' (pid 2425299): proces uz nezije
2026-10-06T00:25:56.919Z ERROR ebpf: na tomto stroji nebezi ziadna KVM domena (ziadny proces nema otvoreny /dev/kvm)
2026-10-06T00:25:56.919Z WARN  backend nevedel pripravit novy cyklus - data mozu byt zastarale
2026-10-06T00:25:56.919Z ERROR ebpf: domena 'hyptcn-guest' (pid 2425299): proces uz nezije
2026-10-06T00:25:56.919Z WARN  parametre VM sa nedali overit - zbieram podla poslednych znamych
2026-10-06T00:25:56.919Z ERROR ebpf: tabulka memslotov nie je platna
2026-10-06T00:25:56.919Z ERROR read_pa(0x0, 655360) zlyhalo
2026-10-06T00:26:01.902Z ERROR ebpf: domena 'hyptcn-guest' (pid 2425299): proces uz nezije
2026-10-06T00:26:01.918Z ERROR ebpf: na tomto stroji nebezi ziadna KVM domena (ziadny proces nema otvoreny /dev/kvm)
2026-10-06T00:26:01.918Z WARN  backend nevedel pripravit novy cyklus - data mozu byt zastarale
2026-10-06T00:26:01.918Z ERROR ebpf: domena 'hyptcn-guest' (pid 2425299): proces uz nezije
2026-10-06T00:26:01.918Z WARN  parametre VM sa nedali overit - zbieram podla poslednych znamych
2026-10-06T00:26:01.919Z ERROR ebpf: tabulka memslotov nie je platna
2026-10-06T00:26:01.919Z ERROR read_pa(0x0, 655360) zlyhalo
2026-10-06T00:26:06.902Z ERROR ebpf: domena 'hyptcn-guest' (pid 2425299): proces uz nezije
2026-10-06T00:26:06.917Z ERROR ebpf: na tomto stroji nebezi ziadna KVM domena (ziadny proces nema otvoreny /dev/kvm)
2026-10-06T00:26:06.917Z WARN  backend nevedel pripravit novy cyklus - data mozu byt zastarale
2026-10-06T00:26:06.917Z ERROR ebpf: domena 'hyptcn-guest' (pid 2425299): proces uz nezije
2026-10-06T00:26:06.917Z WARN  parametre VM sa nedali overit - zbieram podla poslednych znamych
2026-10-06T00:26:06.918Z ERROR ebpf: tabulka memslotov nie je platna
2026-10-06T00:26:06.918Z ERROR read_pa(0x0, 655360) zlyhalo
2026-10-06T00:26:11.902Z ERROR ebpf: domena 'hyptcn-guest' (pid 2425299): proces uz nezije
2026-10-06T00:26:11.917Z ERROR ebpf: na tomto stroji nebezi ziadna KVM domena (ziadny proces nema otvoreny /dev/kvm)
2026-10-06T00:26:11.917Z WARN  backend nevedel pripravit novy cyklus - data mozu byt zastarale
2026-10-06T00:26:11.917Z ERROR ebpf: domena 'hyptcn-guest' (pid 2425299): proces uz nezije
2026-10-06T00:26:11.917Z WARN  parametre VM sa nedali overit - zbieram podla poslednych znamych
2026-10-06T00:26:11.917Z ERROR ebpf: tabulka memslotov nie je platna
2026-10-06T00:26:11.917Z ERROR read_pa(0x0, 655360) zlyhalo
2026-10-06T00:26:16.902Z ERROR ebpf: domena 'hyptcn-guest' (pid 2425299): proces uz nezije
2026-10-06T00:26:16.917Z ERROR ebpf: na tomto stroji nebezi ziadna KVM domena (ziadny proces nema otvoreny /dev/kvm)
2026-10-06T00:26:16.917Z WARN  backend nevedel pripravit novy cyklus - data mozu byt zastarale
2026-10-06T00:26:16.917Z ERROR ebpf: domena 'hyptcn-guest' (pid 2425299): proces uz nezije
2026-10-06T00:26:16.917Z WARN  parametre VM sa nedali overit - zbieram podla poslednych znamych
2026-10-06T00:26:16.918Z ERROR ebpf: tabulka memslotov nie je platna
2026-10-06T00:26:16.918Z ERROR read_pa(0x0, 655360) zlyhalo
2026-10-06T00:26:21.902Z ERROR ebpf: domena 'hyptcn-guest' (pid 2425299): proces uz nezije
2026-10-06T00:26:21.927Z ERROR ebpf: na tomto stroji nebezi ziadna KVM domena (ziadny proces nema otvoreny /dev/kvm)
2026-10-06T00:26:21.927Z WARN  backend nevedel pripravit novy cyklus - data mozu byt zastarale
2026-10-06T00:26:21.927Z ERROR ebpf: domena 'hyptcn-guest' (pid 2425299): proces uz nezije
2026-10-06T00:26:21.927Z WARN  parametre VM sa nedali overit - zbieram podla poslednych znamych
2026-10-06T00:26:21.928Z ERROR ebpf: tabulka memslotov nie je platna
2026-10-06T00:26:21.928Z ERROR read_pa(0x0, 655360) zlyhalo
2026-10-06T00:26:26.902Z ERROR ebpf: domena 'hyptcn-guest' (pid 2425299): proces uz nezije
2026-10-06T00:26:26.920Z ERROR ebpf: na tomto stroji nebezi ziadna KVM domena (ziadny proces nema otvoreny /dev/kvm)
2026-10-06T00:26:26.920Z WARN  backend nevedel pripravit novy cyklus - data mozu byt zastarale
2026-10-06T00:26:26.920Z ERROR ebpf: domena 'hyptcn-guest' (pid 2425299): proces uz nezije
2026-10-06T00:26:26.920Z WARN  parametre VM sa nedali overit - zbieram podla poslednych znamych
2026-10-06T00:26:26.921Z ERROR ebpf: tabulka memslotov nie je platna
2026-10-06T00:26:26.921Z ERROR read_pa(0x0, 655360) zlyhalo
2026-10-06T00:26:31.902Z ERROR ebpf: domena 'hyptcn-guest' (pid 2425299): proces uz nezije
2026-10-06T00:26:31.920Z ERROR ebpf: na tomto stroji nebezi ziadna KVM domena (ziadny proces nema otvoreny /dev/kvm)
2026-10-06T00:26:31.920Z WARN  backend nevedel pripravit novy cyklus - data mozu byt zastarale
2026-10-06T00:26:31.920Z ERROR ebpf: domena 'hyptcn-guest' (pid 2425299): proces uz nezije
2026-10-06T00:26:31.920Z WARN  parametre VM sa nedali overit - zbieram podla poslednych znamych
2026-10-06T00:26:31.921Z ERROR ebpf: tabulka memslotov nie je platna
2026-10-06T00:26:31.921Z ERROR read_pa(0x0, 655360) zlyhalo
2026-10-06T00:26:36.902Z ERROR ebpf: domena 'hyptcn-guest' (pid 2425299): proces uz nezije
2026-10-06T00:26:36.917Z ERROR ebpf: na tomto stroji nebezi ziadna KVM domena (ziadny proces nema otvoreny /dev/kvm)
2026-10-06T00:26:36.917Z WARN  backend nevedel pripravit novy cyklus - data mozu byt zastarale
2026-10-06T00:26:36.917Z ERROR ebpf: domena 'hyptcn-guest' (pid 2425299): proces uz nezije
2026-10-06T00:26:36.917Z WARN  parametre VM sa nedali overit - zbieram podla poslednych znamych
2026-10-06T00:26:36.918Z ERROR ebpf: tabulka memslotov nie je platna
2026-10-06T00:26:36.918Z ERROR read_pa(0x0, 655360) zlyhalo
2026-10-06T00:26:41.902Z ERROR ebpf: domena 'hyptcn-guest' (pid 2425299): proces uz nezije
2026-10-06T00:26:41.920Z ERROR ebpf: na tomto stroji nebezi ziadna KVM domena (ziadny proces nema otvoreny /dev/kvm)
2026-10-06T00:26:41.920Z WARN  backend nevedel pripravit novy cyklus - data mozu byt zastarale
2026-10-06T00:26:41.920Z ERROR ebpf: domena 'hyptcn-guest' (pid 2425299): proces uz nezije
2026-10-06T00:26:41.920Z WARN  parametre VM sa nedali overit - zbieram podla poslednych znamych
2026-10-06T00:26:41.921Z ERROR ebpf: tabulka memslotov nie je platna
2026-10-06T00:26:41.921Z ERROR read_pa(0x0, 655360) zlyhalo
2026-10-06T00:26:46.902Z ERROR ebpf: domena 'hyptcn-guest' (pid 2425299): proces uz nezije
2026-10-06T00:26:46.919Z ERROR ebpf: na tomto stroji nebezi ziadna KVM domena (ziadny proces nema otvoreny /dev/kvm)
2026-10-06T00:26:46.919Z WARN  backend nevedel pripravit novy cyklus - data mozu byt zastarale
2026-10-06T00:26:46.919Z ERROR ebpf: domena 'hyptcn-guest' (pid 2425299): proces uz nezije
2026-10-06T00:26:46.919Z WARN  parametre VM sa nedali overit - zbieram podla poslednych znamych
2026-10-06T00:26:46.919Z ERROR ebpf: tabulka memslotov nie je platna
2026-10-06T00:26:46.919Z ERROR read_pa(0x0, 655360) zlyhalo
2026-10-06T00:26:51.902Z ERROR ebpf: domena 'hyptcn-guest' (pid 2425299): proces uz nezije
2026-10-06T00:26:51.918Z ERROR ebpf: na tomto stroji nebezi ziadna KVM domena (ziadny proces nema otvoreny /dev/kvm)
2026-10-06T00:26:51.918Z WARN  backend nevedel pripravit novy cyklus - data mozu byt zastarale
2026-10-06T00:26:51.918Z ERROR ebpf: domena 'hyptcn-guest' (pid 2425299): proces uz nezije
2026-10-06T00:26:51.918Z WARN  parametre VM sa nedali overit - zbieram podla poslednych znamych
2026-10-06T00:26:51.919Z ERROR ebpf: tabulka memslotov nie je platna
2026-10-06T00:26:51.919Z ERROR read_pa(0x0, 655360) zlyhalo
2026-10-06T00:26:56.902Z ERROR ebpf: domena 'hyptcn-guest' (pid 2425299): proces uz nezije
2026-10-06T00:26:56.917Z ERROR ebpf: na tomto stroji nebezi ziadna KVM domena (ziadny proces nema otvoreny /dev/kvm)
2026-10-06T00:26:56.917Z WARN  backend nevedel pripravit novy cyklus - data mozu byt zastarale
2026-10-06T00:26:56.917Z ERROR ebpf: domena 'hyptcn-guest' (pid 2425299): proces uz nezije
2026-10-06T00:26:56.917Z WARN  parametre VM sa nedali overit - zbieram podla poslednych znamych
2026-10-06T00:26:56.918Z ERROR ebpf: tabulka memslotov nie je platna
2026-10-06T00:26:56.918Z ERROR read_pa(0x0, 655360) zlyhalo
2026-10-06T00:27:01.902Z ERROR ebpf: domena 'hyptcn-guest' (pid 2425299): proces uz nezije
2026-10-06T00:27:01.920Z ERROR ebpf: na tomto stroji nebezi ziadna KVM domena (ziadny proces nema otvoreny /dev/kvm)
2026-10-06T00:27:01.920Z WARN  backend nevedel pripravit novy cyklus - data mozu byt zastarale
2026-10-06T00:27:01.920Z ERROR ebpf: domena 'hyptcn-guest' (pid 2425299): proces uz nezije
2026-10-06T00:27:01.920Z WARN  parametre VM sa nedali overit - zbieram podla poslednych znamych
2026-10-06T00:27:01.921Z ERROR ebpf: tabulka memslotov nie je platna
2026-10-06T00:27:01.921Z ERROR read_pa(0x0, 655360) zlyhalo
2026-10-06T00:27:06.902Z ERROR ebpf: domena 'hyptcn-guest' (pid 2425299): proces uz nezije
2026-10-06T00:27:06.918Z ERROR ebpf: na tomto stroji nebezi ziadna KVM domena (ziadny proces nema otvoreny /dev/kvm)
2026-10-06T00:27:06.918Z WARN  backend nevedel pripravit novy cyklus - data mozu byt zastarale
2026-10-06T00:27:06.918Z ERROR ebpf: domena 'hyptcn-guest' (pid 2425299): proces uz nezije
2026-10-06T00:27:06.918Z WARN  parametre VM sa nedali overit - zbieram podla poslednych znamych
2026-10-06T00:27:06.919Z ERROR ebpf: tabulka memslotov nie je platna
2026-10-06T00:27:06.919Z ERROR read_pa(0x0, 655360) zlyhalo
2026-10-06T00:27:11.902Z ERROR ebpf: domena 'hyptcn-guest' (pid 2425299): proces uz nezije
2026-10-06T00:27:11.918Z ERROR ebpf: na tomto stroji nebezi ziadna KVM domena (ziadny proces nema otvoreny /dev/kvm)
2026-10-06T00:27:11.918Z WARN  backend nevedel pripravit novy cyklus - data mozu byt zastarale
2026-10-06T00:27:11.918Z ERROR ebpf: domena 'hyptcn-guest' (pid 2425299): proces uz nezije
2026-10-06T00:27:11.918Z WARN  parametre VM sa nedali overit - zbieram podla poslednych znamych
2026-10-06T00:27:11.919Z ERROR ebpf: tabulka memslotov nie je platna
2026-10-06T00:27:11.919Z ERROR read_pa(0x0, 655360) zlyhalo
2026-10-06T00:27:16.902Z ERROR ebpf: domena 'hyptcn-guest' (pid 2425299): proces uz nezije
2026-10-06T00:27:16.925Z ERROR ebpf: na tomto stroji nebezi ziadna KVM domena (ziadny proces nema otvoreny /dev/kvm)
2026-10-06T00:27:16.925Z WARN  backend nevedel pripravit novy cyklus - data mozu byt zastarale
2026-10-06T00:27:16.925Z ERROR ebpf: domena 'hyptcn-guest' (pid 2425299): proces uz nezije
2026-10-06T00:27:16.925Z WARN  parametre VM sa nedali overit - zbieram podla poslednych znamych
2026-10-06T00:27:16.926Z ERROR ebpf: tabulka memslotov nie je platna
2026-10-06T00:27:16.926Z ERROR read_pa(0x0, 655360) zlyhalo
